benchmark_id,benchmark_name,abbreviation,year,venue,category,subcategory,paper_url,github_url,hf_url,languages_count,languages,cultures_regions,task_types,metrics,dataset_size,annotation_method,key_finding,notes,other_url
mgsm,Multilingual Grade School Math,MGSM,2022,ICLR 2023,Math,math-reasoning,https://arxiv.org/abs/2210.03057,https://github.com/google-research/url-nlp,https://huggingface.co/datasets/juletxara/mgsm_mt,11,"Bengali, Chinese, German, French, Japanese, Russian, Spanish, Swahili, Telugu, Thai, English",,MCQ,accuracy,2750 (250 per lang),machine-translated (human annotated),Chain-of-thought reasoning ability emerges with scale; models show strong multilingual reasoning even in low-resource languages like Bengali and Swahili.,Translated from GSM8K; gold standard for multilingual math reasoning evaluation,
mmmlu,Multilingual Massive Multitask Language Understanding,MMMLU,2024,HuggingFace release,multilingual,knowledge,https://openai.com/research/,https://github.com/openai/simple-evals,https://huggingface.co/datasets/openai/MMMLU,14+,"14+ languages including Arabic, Chinese, French, German, Hindi, Italian, Japanese, Korean, Portuguese, Spanish, etc.",,MCQ,accuracy,~14000+ questions per subset,machine-translated,Multilingual translation of MMLU for evaluating knowledge-intensive LLM capabilities across languages.,Released by OpenAI in 2024; covers all 57 MMLU subjects,
benchmax,BenchMAX: Comprehensive Multilingual Evaluation Suite,BenchMAX,2025,EMNLP 2025 Findings,multilingual,multi-task,https://arxiv.org/abs/2502.07346,,https://huggingface.co/datasets/,17,English plus 16 additional languages,,MCQ; code generation; long context QA; instruction following,accuracy; BLEU; pass@k,,hybrid (machine-translated + 3 native speaker annotators),Performance gaps across languages cannot be bridged by scaling alone; advanced capabilities (code gen; tool use) show larger multilingual gaps.,"Tests instruction following, code generation, long context understanding, math/science reasoning, tool use",
xtreme,Cross-lingual Transfer Evaluation of Multilingual Encoders,XTREME,2020,ICML 2020,cross-lingual,multi-task,https://arxiv.org/abs/2003.11080,https://github.com/google-research/xtreme,https://huggingface.co/datasets/google/xtreme,40,40 typologically diverse languages across multiple families,,NLI; QA; NER; paraphrase detection,accuracy; F1; EM,,mixed,Cross-lingual transfer lags far behind English despite strong monolingual performance; syntactic tasks and sentence retrieval show largest gaps.,"Includes XNLI, XQuAD, MLQA, PAN-X, PAWS-X sub-tasks",
xnli,Cross-lingual Natural Language Inference,XNLI,2018,EMNLP 2018,cross-lingual,NLI,https://arxiv.org/abs/1809.05053,https://github.com/facebookresearch/XNLI,https://huggingface.co/datasets/facebook/xnli,15,"Arabic, Bulgarian, German, Greek, English, Spanish, French, Hindi, Russian, Swahili, Thai, Turkish, Urdu, Vietnamese, Chinese",,text classification (3-way NLI),accuracy,~400000 total (393k train; 2.5k val; 5k test),machine-translated + human verified,Zero-shot cross-lingual transfer remains challenging; models trained on English NLI transfer imperfectly to low-resource languages.,Core benchmark for cross-lingual NLI; widely used since 2018,
xcopa,Cross-lingual Choice of Plausible Alternatives,XCOPA,2020,EMNLP 2020,cross-lingual,commonsense-reasoning,https://arxiv.org/abs/2005.00333,https://github.com/cambridgeltl/xcopa,https://huggingface.co/datasets/juletxara/xcopa_mt,11,"Chinese, Estonian, Haitian Creole, Indonesian, Italian, Quechua, Swahili, Tamil, Thai, Turkish, Vietnamese",,binary classification (causal commonsense),accuracy,~5500 (500 per lang),human translated + expert annotated,Translation-based transfer outperforms zero-shot multilingual pretraining; resource-poor language performance remains far below English COPA baseline.,"Covers low-resource languages (Quechua, Haitian Creole); tests causal reasoning",
xquad,Cross-lingual Question Answering Dataset,XQuAD,2019,arXiv 2019,cross-lingual,extractive-QA,https://arxiv.org/abs/1910.11856,https://github.com/google-deepmind/xquad,https://huggingface.co/datasets/juletxara/xquad_xtreme,11,"Arabic, German, Greek, English, Spanish, Hindi, Russian, Thai, Turkish, Vietnamese, Chinese",,extractive QA (span),F1; EM,13090 (1190 Q-A pairs × 11 langs),professional human translation,"State-of-the-art multilingual models competitive with mBERT on cross-lingual QA, but significant gaps remain for morphologically complex languages.",240 paragraphs + 1190 Q-A pairs from SQuAD v1.1; professional translations,
mega,Multilingual Evaluation of Generative AI,MEGA,2023,EMNLP 2023,multilingual,multi-task,https://arxiv.org/abs/2303.12528,,https://huggingface.co/datasets/,70,70 typologically diverse languages,,NLI; QA; NER; summarization; translation,accuracy; F1; BLEU,16 datasets,,GPT-4 and ChatGPT outperform non-autoregressive baselines on many tasks but show large disparities for low-resource languages.,First comprehensive multilingual benchmarking of generative LLMs,
flores_200,FLORES-200: Multilingual Machine Translation Benchmark,FLORES-200,2022,TACL 2022,Machine Translation,machine-translation,https://arxiv.org/abs/2207.04672,https://github.com/facebookresearch/flores,https://huggingface.co/datasets/facebook/flores,200,200 languages with ISO 639-3 codes,,machine translation,spBLEU; chrF,3001 sentences (dev/devtest/test),professional human translation,Coverage of 200 languages enables evaluation of MT systems across high- and low-resource scenarios; dominant benchmark for multilingual MT evaluation.,Used in WMT2021; Dynabench leaderboard,
belebele,The Belebele Benchmark,Belebele,2023,ACL 2024,multilingual,reading-comprehension,https://arxiv.org/abs/2308.16884,https://github.com/facebookresearch/belebele,https://huggingface.co/datasets/facebook/belebele,122,122 language variants,,MCQ reading comprehension,accuracy,,human translation from Flores-200,Smaller multilingual models trained on balanced data often outperform larger English-centric models on low-resource languages; vocabulary size correlates with low-resource performance.,Parallel dataset enabling direct cross-lingual comparison,
indicgenbench,IndicGenBench: Multilingual Benchmark for Indic Languages,IndicGenBench,2024,ACL 2024,multilingual,generation,https://arxiv.org/abs/2404.16816,https://github.com/google-research-datasets/indic-gen-bench,,29,29 Indic languages across 13 scripts and 4 language families,,cross-lingual summarization; machine translation; cross-lingual QA,ROUGE; BLEU; accuracy,,human curated,"PaLM-2 (largest) performs best across most tasks, but significant performance gap vs. English persists across all models and languages.",Covers low-resource Indic languages for the first time; largest Indic gen benchmark,
arabicmmlu,ArabicMMLU: Massive Multitask Language Understanding in Arabic,ArabicMMLU,2024,ACL 2024 Findings,multilingual,knowledge,https://arxiv.org/abs/2402.12840,,https://huggingface.co/datasets/MBZUAI/ArabicMMLU,1,Modern Standard Arabic (MSA),North Africa; Levant; Gulf,MCQ,accuracy,14575,human (native educational exams),"GPT-4 leads all models; Jais-chat (30B) best open-source at 62.3% — most open-source models fail to reach 50%, indicating large headroom.","40 tasks across school levels; STEM, social sciences, humanities, Arabic language",
batayan,Batayan: Filipino NLP Benchmark,Batayan,2025,ACL 2025,multilingual,filipino-nlp,https://arxiv.org/abs/2502.14911,https://github.com/aisingapore/sea-helm,https://huggingface.co/datasets/batayan-ai/Batayan,1,"Filipino (Tagalog, Taglish)",Philippines,"PI, QA, SA, TD, CR, NLI, AS, MT",macro_f1,3800,native speaker validated,First holistic Filipino benchmark; generation tasks remain very challenging across all models,"Part of SEA-HELM; covers understanding, reasoning, generation",
filbench,FilBench: Filipino LLM Evaluation Suite,FilBench,2025,EMNLP 2025,multilingual,filipino-nlp,https://arxiv.org/abs/2508.03523,https://github.com/filbench/filbench-eval,https://huggingface.co/datasets/filipino-nlp/FilBench,2,"Filipino, Cebuano",Philippines,"CK, CN, RC, GN (12 subtasks)",average_score,197600,expert curated,GPT-4o achieves only 72.23%; generation tasks average 17.03% across models,Aligned with Philippine NLP research priorities from 223 papers (2006-2023),
kalahi,Kalahi: Filipino Cultural LLM Evaluation,Kalahi,2024,PACLIC 2024,cross-cultural,filipino-culture,https://arxiv.org/abs/2409.15380,https://github.com/aisingapore/kalahi,https://huggingface.co/datasets/kalahi-ai/KALAHI,1,Filipino,Philippines,cultural QA (MC1),accuracy,150,handcrafted by native speakers,Best LLM achieves only 46.0% vs 89.1% human baseline; cultural reasoning remains very hard,Part of SEA-HELM; 150 prompts across 11 cultural topics,
burmesesan,BURMESE-SAN: Burmese NLP Benchmark,BURMESE-SAN,2025,arXiv 2025,multilingual,burmese-nlp,https://arxiv.org/abs/2602.18788,,https://huggingface.co/datasets/myanmar-nlp/BurmeseSAN,1,Burmese,Myanmar,"QA, SA, TD, CR, NLI, AS, MT",accuracy,3920,human curated by native speakers,Gemini 2.5 Pro leads at 72.35%; open-weight models narrowing gap with commercial,First holistic Burmese benchmark; part of SEA-HELM ecosystem,
ilakkanam,ILAKKANAM: Tamil Linguistic Benchmark,ILAKKANAM,2025,arXiv 2025,multilingual,tamil-linguistics,https://arxiv.org/abs/2511.12387,,https://huggingface.co/datasets/AI4Bharat/Ilakkanam,1,Tamil,"Sri Lanka, Tamil Nadu",MCQ linguistics,score_percentage,820,manually curated by linguists,Gemini 2.5 leads at 79.55%; phonology most challenging category across all models,First Tamil-specific linguistic benchmark from Sri Lankan school exams,
thaiexam,ThaiExam: Thai Language Benchmark,ThaiExam,2024,Stanford HELM,multilingual,thai-nlp,https://arxiv.org/abs/2312.13951,,https://huggingface.co/datasets/Thailexam/THAIEXAM,1,Thai,Thailand,MCQ (exam QA),accuracy,,Thai national exams,Typhoon 1.5X 70B outperforms GPT-4 Turbo and Claude 3 Sonnet on Thai exams,First Thai-specific public leaderboard; based on Thai national and professional exams,
seacrowd,SEACrowd: SEA Multilingual Benchmark Suite,SEACrowd,2024,EMNLP 2024,multilingual,sea-multilingual,https://arxiv.org/abs/2406.10118,https://github.com/SEACrowd,https://huggingface.co/datasets/SEACrowd/seacrowd,36,36 SEA indigenous languages,"Southeast Asia (Indonesia, Philippines, Thailand, Vietnam, Myanmar, Malaysia, etc.)","NLU (7 tasks), NLG (3 tasks), ASR, image captioning",average_score,498 datasheets,mixed,AYA-101 performs best in zero-shot; SEA-specific models show greater language equity,Covers 38 SEA languages across 13 tasks in 3 modalities,
indoculture,IndoCulture: Indonesian Cultural Commonsense Reasoning,IndoCulture,2024,TACL 2024,cross-cultural,indonesian-culture,https://aclanthology.org/2024.tacl-1.92/,,https://huggingface.co/datasets/indolem/IndoCulture,1,Indonesian,Indonesia (11 provinces across 6 islands),sentence completion (cultural commonsense),accuracy,2429,manually created by 22 local experts,Humans achieve 100%; GPT-4 leads at 75.9%; most open-weight models below 50%,Covers 12 cultural topics with 66 subtopics; 75% province-specific,
thaih6,Thai-H6: Thai Cultural & Knowledge Evaluation,Thai-H6,2025,arXiv 2025,cross-cultural,thai-culture,https://arxiv.org/abs/2504.05898,,https://huggingface.co/datasets/Thailexam/THAIH6,1,Thai,Thailand,"cultural knowledge, reasoning",accuracy,,native Thai experts,Evaluates LLMs on Thai cultural knowledge understanding,Thai-specific cultural evaluation including dialect assessment,
nusamt,NusaMT: Indonesian Local Language Machine Translation,NusaMT,2024,NeurIPS 2024 SoLaR Workshop,Machine Translation,indonesian-mt,https://openreview.net/forum?id=fgi7nCklie,,https://huggingface.co/williamhtan/NusaMT-7B,3,"Balinese, Minangkabau, Indonesian","Indonesia (Bali, West Sumatra)",machine translation,spBLEU,,FLORES-200 evaluation,NusaMT-7B outperforms SOTA by +6.69 spBLEU for low-resource Indonesian languages,LLM-based MT for Indonesian local languages,
afrobench,AfroBench,AfroBench,2024,EMNLP 2024,multilingual,african-languages,,,https://huggingface.co/datasets/masakhane/AfroBench,16,16 African languages,Africa,multiple tasks,,,,,,
agentif,AgentIF: Agentic Instruction Following,AgentIF,2024,arXiv 2024,alignment/safety,instruction-following,https://arxiv.org/abs/2505.16944,,https://huggingface.co/datasets/THU-KEG/AgentIF/commit/8a0ead25f874f0e3cd60043ff03cbc9df2ace046,,,,instruction following,,,,,,
air_bench,AIR-Bench,AIR-Bench,2024,arXiv 2024,alignment/safety,image-reasoning,https://arxiv.org/abs/2402.07729,https://github.com/OFA-Sys/AIR-Bench,https://huggingface.co/datasets/qyang1021/AIR-Bench-Dataset,,,,image reasoning,,,,,,
akata_games_2023,Akata Games (2023),Akata Games,2023,arXiv 2023,cognitive-science,theory-of-mind,https://arxiv.org/html/2502.14359v4,,,,,,theory of mind games,,,,,,
alm_bench,ALM-Bench,ALM-Bench,2024,arXiv 2024,multilingual,alignment,,https://github.com/mbzuai-oryx/ALM-Bench,https://huggingface.co/datasets/MBZUAI/ALM-Bench,,,,alignment,,,,,,
alpacaeval,AlpacaEval,AlpacaEval,2023,arXiv 2023,alignment/safety,instruction-following,,,https://huggingface.co/datasets/tatsu-lab/alpaca_eval,,,,instruction following evaluation,,,,,,
americasnli,AmericasNLI,AmericasNLI,2024,arXiv 2024,multilingual,americas-languages,,,https://huggingface.co/datasets/yongzx/AmericasNLI,9,Indigenous Americas languages,Americas,,,,,,,
arena_hard_auto,Arena-Hard-Auto,Arena-Hard,2024,arXiv 2024,alignment/safety,conversational,,,https://huggingface.co/datasets/lmsys/arena-hard-auto,,,,multi-turn conversation,,,,,,
audiobench,AudioBench,AudioBench,2024,arXiv 2024,Audio/Speech,speech,https://arxiv.org/abs/2406.16020,https://github.com/AudioLLMs/AudioBench,https://huggingface.co/spaces/MERaLiON/AudioBench-Leaderboard,,,,audio understanding,,,,,,
bbh,Big Bench Hard,BBH,2023,ICLR 2023,cognitive-science,reasoning,,,https://huggingface.co/datasets/Joschka/big_bench_hard,,,,complex reasoning,,,,,,
bfcl,BFCL: Berkeley Function Calling Leaderboard,BFCL,2024,arXiv 2024,alignment/safety,tool-use,,,https://huggingface.co/datasets/berkeley-call-leaderboard/BFCL,,,,function calling,,,,,,
bharatbench,BharatBench,BharatBench,2024,arXiv 2024,multilingual,south-asian,,,https://huggingface.co/datasets/ai4bharat/BharatBench,8,Indian languages,India,,,,,,,
bhasa,BHASA,BHASA,2024,arXiv 2024,multilingual,south-asian,,,https://huggingface.co/datasets/AI4Bharat/BHASA,7,South Asian languages,South Asia,,,,,,,
blend,BLEND,BLEND,2022,arXiv 2022,multilingual,cross-lingual,,https://github.com/nlee0212/BLEnD,https://huggingface.co/datasets/DietCoke4671/BlenderBench,,,,cross-lingual tasks,,,,,,
cac,CAC: Cultural Association Contexts,CAC,2024,arXiv 2024,cross-cultural,cultural-knowledge,,,https://huggingface.co/datasets/cultural-alignment/CAC,,,,cultural association,,,,,,
chatbot_arena,Chatbot Arena,Chatbot Arena,2023,LMSYS,alignment/safety,conversational,,,https://huggingface.co/datasets/lmsys/chatbot_arena_conversations,,,,multi-turn conversation,,,,,,
cmmMU,Chinese Multilingual MMLU,CM-MMLU,2023,arXiv 2023,multilingual,knowledge,https://arxiv.org/html/2402.13963v3,https://github.com/openai/simple-evals/blob/main/multilingual_mmlu_benchmark_results.md,https://huggingface.co/datasets/lmlmcat/cmmlu,5,Chinese variants,China,,,,,,,
cmmlu,Chinese MMLU,CMMLU,2023,arXiv 2023,multilingual,knowledge,,,https://huggingface.co/datasets/haonan-li/cmmlu,1,Chinese,China,,,,,,,
cogbench,CogBench,CogBench,2024,arXiv 2024,cognitive-science,cognitive-modeling,https://arxiv.org/abs/2508.03360,https://github.com/juliancodaforno/CogBench,https://huggingface.co/datasets/CG-Bench/CG-Bench,,,,cognitive tasks,,,,,,
complexbench,ComplexBench,ComplexBench,2024,arXiv 2024,cognitive-science,reasoning,,https://github.com/thu-coai/complexbench,https://huggingface.co/datasets/zai-org/ComplexFuncBench,,,,complex reasoning,,,,,,
culemo,CuleMo,CuleMo,2024,arXiv 2024,cross-cultural,cultural-emotion,https://arxiv.org/abs/2503.10688,https://github.com/llm-for-emotion/culemo,https://huggingface.co/papers/2503.10688,,,,emotion understanding,,,,,,
culturalbench,CulturalBench,CulturalBench,2024,arXiv 2024,cross-cultural,cultural-knowledge,,,https://huggingface.co/datasets/cultural-alignment/CulturalBench,,,,cultural knowledge,,,,,,
culturescope,CultureScope,CultureScope,2024,arXiv 2024,cross-cultural,cultural-knowledge,https://arxiv.org/abs/2509.16188,,https://huggingface.co/papers/2509.17399,,,,cultural understanding,,,,,,
culturevlm,CultureVLM,CultureVLM,2024,arXiv 2024,Multimodal,multimodal-culture,https://arxiv.org/html/2501.01282v1,,https://huggingface.co/papers/2407.10920,,,,vision-language culture,,,,,,
cvqa,CVQA: Cultural VQA,CVQA,2024,arXiv 2024,cross-cultural,visual-qa,https://arxiv.org/abs/2406.05967,,https://huggingface.co/papers/2406.05967,,,,cultural visual QA,,,,,,
dialectbench,DialectBench,DialectBench,2024,arXiv 2024,multilingual,dialect-variation,https://arxiv.org/abs/2403.11009,https://github.com/ffaisal93/DialectBench,,,,,dialect understanding,,,,,,
dialogbench,DialogBench,DialogBench,2024,arXiv 2024,alignment/safety,conversational,https://arxiv.org/abs/2311.01677,https://github.com/kwai/DialogBench,,,,,dialogue,,,,,,
egoschema,EgoSchema,EgoSchema,2023,CVPR 2023,Multimodal,video-understanding,,,https://huggingface.co/datasets/lil-lab/egoschema,,,,egocentric video QA,,,,,,
eifbench,EIFBench,EIFBench,2024,arXiv 2024,alignment/safety,instruction-following,,,https://huggingface.co/datasets/evaleval/EIFBench,,,,complex instruction following,,,,,,
exams_v,ExamsV,ExamsV,2024,arXiv 2024,cognitive-science,knowledge,https://aclanthology.org/2020.emnlp-main.438/,https://github.com/RocktimJyotiDas/EXAMS-V,https://huggingface.co/datasets/MBZUAI/EXAMS-V,,,,exam questions,,,,,,
fever,FEVER,FEVER,2018,EMNLP 2018,alignment/safety,fact-verification,,,https://huggingface.co/datasets/fever/fever,,,,fact verification,,,,,,
fleurs,FLEURS,FLEURS,2022,INTERSPEECH 2022,Audio/Speech,speech,,,https://huggingface.co/datasets/google/fleurs,102,102 languages,,speech recognition,,,,,,
followbench,FollowBench,FollowBench,2024,arXiv 2024,alignment/safety,instruction-following,https://arxiv.org/abs/2310.20410,https://github.com/YJiangcm/FollowBench,https://huggingface.co/datasets/Kytolly/FollowBench,,,,instruction following,,,,,,
freshqa,FreshQA,FreshQA,2024,arXiv 2024,General,qa,,https://github.com/NVIDIA-AI-Blueprints/aiq/blob/develop/frontends/benchmarks/freshqa/README.md,https://huggingface.co/papers/2310.03214,,,,QA with fresh knowledge,,,,,,
global_mmlu,Global MMLU,Global-MMLU,2024,arXiv 2024,multilingual,knowledge,,,https://huggingface.co/datasets/CohereForAI/Global-MMLU,10,Multiple languages,,knowledge assessment,,,,,,
gpqa,GPQA,GPQA,2023,arXiv 2023,cognitive-science,graduate-reasoning,,,https://huggingface.co/datasets/Idavidrein/gpqa,,,,graduate-level science reasoning,,,,,,
hagendorff_biases_2023,Hagendorff Biases (2023),Hagendorff,2023,arXiv 2023,alignment/safety,bias-detection,,https://github.com/langchain-ai/langchain/issues/35438,https://huggingface.co/papers?q=Krippendorff%20alpha,,,,bias measurement,,,,,,
helm,HELM,HELM,2022,arXiv 2022,alignment/safety,multi-task,,https://github.com/stanford-crfm/helm/issues/1723,,,,,holistic evaluation,,,,,,
humaneval,HumanEval,HumanEval,2021,arXiv 2021,Coding,code-generation,,,https://huggingface.co/datasets/openai/openai_humaneval,,,,Python code generation,,,,,,
humaneval_xl,HumanEval-X,HumanEval-X,2023,arXiv 2023,Coding,code-generation,,,https://huggingface.co/datasets/zai-org/humaneval-x,5,"Python, Java, C++, JS, Go",,multilingual code generation,,,,,,
ifeval,IFEval,IFEval,2023,arXiv 2023,alignment/safety,instruction-following,,,https://huggingface.co/datasets/google/IFEval,,,,instruction following,,,,,,
include,INCLUDe,INCLUDe,2024,arXiv 2024,multilingual,inclusive-languages,,https://github.com/huggingface/yourbench,https://huggingface.co/papers/trending,20,Inclusive/underrepresented languages,,multilingual understanding,,,,,,
indommlu,IndoMMLU,IndoMMLU,2023,EMNLP 2023,multilingual,indonesian-knowledge,,,https://huggingface.co/datasets/gasgun/IndoMMLU,1,Indonesian,Indonesia,knowledge assessment,,14906,,,,
intentqa,IntentQA,IntentQA,2024,arXiv 2024,General,qa,https://arxiv.org/html/2311.13627v3,https://github.com/PanasonicConnect/VideoMultiAgents,https://huggingface.co/papers?q=Video-QA%20datasets,,,,intent-aware QA,,,,,,
irokobench,IrokoBench,IrokoBench,2024,arXiv 2024,multilingual,african-languages,,,https://huggingface.co/datasets/masakhane/IrokoBench,16,African languages,Africa,machine translation,,,,,,
jglue,JGLUE,JGLUE,2022,LREC 2022,multilingual,japanese,,,https://huggingface.co/datasets/oshizo/jglue,1,Japanese,Japan,NLU tasks,,,,,,
kmmlu,Korean MMLU,KMMLU,2023,arXiv 2023,multilingual,knowledge,,,https://huggingface.co/datasets/HAERAE-HUB/KMMLU,1,Korean,South Korea,knowledge assessment,,,,,,
lawbench,LawBench,LawBench,2023,arXiv 2023,alignment/safety,legal-reasoning,,,https://huggingface.co/datasets/CSRC-CASIA/LawBench,,,,legal reasoning,,,,,,
legalbench,LegalBench,LegalBench,2023,arXiv 2023,alignment/safety,legal-reasoning,,,https://huggingface.co/datasets/nguha/legalbench,,,,legal understanding,,,,,,
longshot,LongShot,LongShot,2024,arXiv 2024,cognitive-science,long-context,https://arxiv.org/html/2512.16978v1,https://github.com/mritchielab/long_read_tools/blob/master/benchmark_studies.csv,https://huggingface.co/papers?q=LongShOTBench,,,,long document reasoning,,,,,,
m4u,M4U,M4U,2024,arXiv 2024,Multimodal,multimodal,https://arxiv.org/abs/2405.15638,,https://huggingface.co/datasets/M4U-Benchmark/M4U,,,,multimodal understanding,,,,,,
marco_bench_mif,MARCO Bench MIF,MARCO-MIF,2024,arXiv 2024,General,information-retrieval,https://arxiv.org/abs/2507.11882,,https://huggingface.co/datasets/AIDC-AI/Marco-Bench-MIF/tree/main,,,,multimodal IR,,,,,,
marvl,MARVL,MARVL,2020,ECCV 2020,cross-cultural,visual-reasoning,,,https://huggingface.co/datasets/marvl-ai/MARVL,12,12 languages,Multiple regions,multimodal reasoning,,,,,,
mbpp,MBPP,MBPP,2021,arXiv 2021,Coding,code-generation,,,https://huggingface.co/datasets/google-research-datasets/mbpp,,,,Python code generation,,,,,,
mceval,MCEval,MCEval,2024,arXiv 2024,alignment/safety,evaluation,https://arxiv.org/html/2406.07436v1,https://github.com/MCEVAL/McEval,https://huggingface.co/datasets/Multilingual-Multimodal-NLP/McEval,,,,model evaluation,,,,,,
mclm,MCLM,MCLM,2024,arXiv 2024,multilingual,language-modeling,https://arxiv.org/abs/2502.17407,https://github.com/HKUST-LongGroup/Awesome-MLLM-Benchmarks,https://huggingface.co/datasets/amphora/MCLM,,,,language modeling,,,,,,
medal,MEDAL,MEDAL,2023,arXiv 2023,Medical,medical,,,https://huggingface.co/datasets/medal-eval/MEDAL,,,,multilingual medical understanding,,,,,,
medmcqa,MedMCQA,MedMCQA,2021,arXiv 2021,Medical,medical,,,https://huggingface.co/datasets/openlifescienceai/medmcqa,,,,medical QA,,,,,,
medqa,MedQA,MedQA,2021,EMNLP 2021,Medical,medical,,,https://huggingface.co/datasets/bigbio/med_qa,,,,medical exam questions,,,,,,
mena_bench,MENA-Bench,MENA-Bench,2024,arXiv 2024,multilingual,middle-east-north-africa,,,https://huggingface.co/datasets/QCRI/MENA-Bench,6,MENA languages,Middle East & North Africa,,,,,,,
mexa,MEXA,MEXA,2024,arXiv 2024,multilingual,mexican-languages,https://arxiv.org/abs/2506.17113,https://github.com/cisnlp/MEXA,https://huggingface.co/papers?q=Mexa,5,Mexican indigenous languages,Mexico,,,,,,,
milu,MILU,MILU,2024,arXiv 2024,multilingual,indigenous,https://arxiv.org/html/2411.02538v1,https://github.com/AI4Bharat/MILU,https://huggingface.co/papers?q=MILU,8,Indigenous languages,Latin America,,,,,,,
ml_superb,ML-SUPERB,ML-SUPERB,2022,arXiv 2022,Audio/Speech,speech,,,https://huggingface.co/datasets/LoicMagne/ml-superb,53,53 languages,,multilingual speech understanding,,,,,,
mlvu,MLVU,MLVU,2024,arXiv 2024,Multimodal,multimodal-vision,https://arxiv.org/html/2406.04264,,https://huggingface.co/organizations/MLVU/activity/all,,,,multilingual vision understanding,,,,,,
mmar,MMAR,MMAR,2024,arXiv 2024,Machine Translation,machine-translation,https://arxiv.org/abs/2505.13032,https://github.com/ddlBoJack/MMAR,https://huggingface.co/papers?q=MMAR,,,,machine translation,,,,,,
mmau,MMAU,MMAU,2024,arXiv 2024,multilingual,australian-languages,https://arxiv.org/html/2410.19168v1,https://github.com/Sakshi113/MMAU,https://huggingface.co/papers/2407.18961,5,Aboriginal Australian languages,Australia,,,,,,,
mmedbench,MMedBench,MMedBench,2024,arXiv 2024,Medical,medical,,,https://huggingface.co/datasets/HZCIMS/MMedBench,5,Multiple languages,,multilingual medical understanding,,,,,,
mmlu_prox,MMLU-Pro,MMLU-Pro,2024,arXiv 2024,cognitive-science,knowledge,,,https://huggingface.co/datasets/TIGER-Lab/MMLU-Pro,,,,advanced knowledge assessment,,,,,,
mmmu,MMMU,MMMU,2023,arXiv 2023,Multimodal,multimodal-reasoning,,,https://huggingface.co/datasets/MMMU/MMMU,,,,college-level multimodal reasoning,,,,,,
mmt_bench,MMT-Bench,MMT-Bench,2024,arXiv 2024,Machine Translation,machine-translation,,https://github.com/OpenGVLab/MMT-Bench,https://huggingface.co/datasets/OpenGVLab/MMT-Bench,,,,machine translation,,,,,,
mt_bench,MT-Bench,MT-Bench,2023,arXiv 2023,alignment/safety,conversational,,,https://huggingface.co/datasets/lmsys/mt_bench,,,,multi-turn instruction following,,,,,,
mtrag,MTRAG,MTRAG,2024,arXiv 2024,multilingual,rag,,,https://huggingface.co/datasets/mtrag/MTRAG,8,Multiple languages,,retrieval augmented generation,,,,,,
mtvqa,MT-VQA,MT-VQA,2024,arXiv 2024,multilingual,visual-qa,https://arxiv.org/abs/2405.11985,https://github.com/bytedance/MTVQA,https://huggingface.co/papers/2405.11985,8,Multiple languages,,multilingual visual QA,,,,,,
multi_if,Multi-IF,Multi-IF,2024,arXiv 2024,multilingual,instruction-following,,,https://huggingface.co/datasets/google-research-datasets/multi_if,10,Multiple languages,,multilingual instruction following,,,,,,
multichallenge,MultiChallenge,MultiChallenge,2024,arXiv 2024,multilingual,multi-task,https://arxiv.org/abs/2501.17399,https://github.com/ekwinox117/multi-challenge,https://huggingface.co/datasets/ScaleAI/MultiChallenge/tree/main,,,,multilingual multi-task,,,,,,
multiloko,MultiLoKo,MultiLoKo,2024,arXiv 2024,cross-cultural,local-knowledge,https://arxiv.org/abs/2504.10356,https://github.com/facebookresearch/multiloko,https://huggingface.co/datasets/facebook/multiloko,12,Multiple languages,Multiple regions,local knowledge,,,,,,
multipl_e,Multiple-E,Multiple-E,2022,arXiv 2022,Coding,code-generation,https://arxiv.org/pdf/2208.08227,https://github.com/nuprl/MultiPL-E,https://huggingface.co/datasets/ONE-Lab/MultiRef-benchmark,11,Programming languages,,code generation,,,,,,
mvbench,MVBench,MVBench,2024,arXiv 2024,Multimodal,video-understanding,,,https://huggingface.co/datasets/MVBench/MVBench,,,,multimodal video understanding,,,,,,
naturalquestions,Natural Questions,NQ,2019,TACL 2019,General,qa,,,https://huggingface.co/datasets/google-research-datasets/natural_questions,,,,open-domain QA,,,,,,
neuro_eval,NeuroEval,NeuroEval,2024,arXiv 2024,cognitive-science,neuroscience,,https://github.com/huggingface/evaluation-guidebook/blob/main/contents/automated-benchmarks/some-evaluation-datasets.md,https://huggingface.co/datasets?other=benchmark&p=6&sort=trending,,,,neuroscience understanding,,,,,,
nusax,NusaX,NusaX,2022,ACL 2023,multilingual,indonesian-sentiment,,,https://huggingface.co/datasets/indonlp/nusax,10,Indonesian local languages,Indonesia,sentiment analysis,,,,,,
p_mmeval,P-MMEval,P-MMEval,2024,arXiv 2024,Multimodal,multimodal,,,https://huggingface.co/papers/2411.09116,,,,perception evaluation,,,,,,
parsiNLU,ParsiNLU,ParsiNLU,2021,EMNLP 2021,multilingual,middle-east,,,https://huggingface.co/datasets/parsi-nlp/ParsiNLU,1,Persian,Iran,Persian NLU,,,,,,
pinocchio,Pinocchio,Pinocchio,2024,arXiv 2024,cognitive-science,lie-detection,https://arxiv.org/html/2310.05177v1,https://github.com/stack-of-tasks/pinocchio-benchmarks,https://huggingface.co/datasets/efederici/pinocchio,,,,lie detection,,,,,,
pubmedqa,PubMedQA,PubMedQA,2019,EMNLP 2019,Medical,medical,,,https://huggingface.co/datasets/qiaojin/PubMedQA,,,,biomedical QA,,,,,,
r_avst,R-AVST,R-AVST,2024,arXiv 2024,Multimodal,audio-visual,https://arxiv.org/abs/2511.16901,,https://huggingface.co/papers?q=spatio-temporal%20evidence,,,,audio-visual understanding,,,,,,
scaneval,ScanEval,ScanEval,2024,arXiv 2024,multilingual,scandinavian,https://arxiv.org/abs/2304.00906,https://github.com/VyetGokyra/awaresome_LLM_eval_benchmark,,5,Scandinavian languages,Scandinavia,NLU evaluation,,,,,,
sea_exam,SEA-Exam,SEA-Exam,2024,arXiv 2024,multilingual,sea-exams,,,https://huggingface.co/datasets/aisingapore/sea-exam,5,SEA languages,Southeast Asia,exam QA,,,,,,
sea_helm,SEA-HELM,SEA-HELM,2025,ACL 2025 Findings,multilingual,sea-comprehensive,,,https://huggingface.co/datasets/aisingapore/sea-helm,7,SEA languages,Southeast Asia,holistic evaluation,,,,,,
simpleqa,SimpleQA,SimpleQA,2024,arXiv 2024,General,qa,,,https://huggingface.co/datasets/openai/simpleqa,,,,simple factual QA,,,,,,
sorry_bench,Sorry-Bench,Sorry-Bench,2024,arXiv 2024,alignment/safety,apology-generation,,https://github.com/SORRY-Bench/sorry-bench,https://huggingface.co/datasets/sorry-bench/sorry-bench-202503,,,,apology generation,,,,,,
swe_bench,SWE-Bench,SWE-Bench,2024,arXiv 2024,Coding,software-engineering,,,https://huggingface.co/datasets/princeton-nlp/SWE-bench,,,,software engineering,,,,,,
swiss_legal_bench,Swiss-LegalBench,Swiss-LegalBench,2024,arXiv 2024,alignment/safety,legal-reasoning,,https://github.com/HazyResearch/legalbench/,https://huggingface.co/papers/2308.11462,2,"German, French",Switzerland,Swiss legal reasoning,,,,,,
temporalbench,TemporalBench,TemporalBench,2024,arXiv 2024,cognitive-science,temporal-reasoning,https://arxiv.org/abs/2410.10818,https://github.com/mu-cai/temporalbench,https://huggingface.co/papers/2410.10818,,,,temporal reasoning,,,,,,
tombench,TomBench,TomBench,2024,arXiv 2024,Machine Translation,translation,https://arxiv.org/abs/2402.15052,https://github.com/zhchen18/ToMBench,https://huggingface.co/datasets/Shamant23/tom-benchmark,10,Multiple languages,,translation,,,,,,
triangulating,Triangulating,Triangulating,2024,arXiv 2024,cognitive-science,reasoning,https://arxiv.org/abs/2502.14359,https://github.com/mint-lab/TriangulationToolbox,https://huggingface.co/papers?q=triangulated%203D%20ground%20truth,,,,triangulation reasoning,,,,,,
triviaqa,TriviaQA,TriviaQA,2017,ACL 2017,General,qa,,,https://huggingface.co/datasets/mandarjoshi/trivia_qa,,,,trivia QA,,,,,,
truthfulqa,TruthfulQA,TruthfulQA,2021,ACL 2021,alignment/safety,truthfulness,,,https://huggingface.co/datasets/domenicrosati/TruthfulQA,,,,truthfulness assessment,,,,,,
ullman_tom_2023,Ullman ToM (2023),Ullman-ToM,2023,arXiv 2023,cognitive-science,theory-of-mind,https://aclanthology.org/2023.findings-emnlp.717.pdf,,https://huggingface.co/datasets/Shamant23/tom-benchmark,,,,theory of mind,,,,,,
v_star,V-STAR,V-STAR,2024,arXiv 2024,Multimodal,video-star,,,https://huggingface.co/datasets/RenShuang1218/V-Star,,,,video understanding,,,,,,
video_mme,Video-MME,Video-MME,2024,arXiv 2024,Multimodal,multimodal-video,,,https://huggingface.co/datasets/lmms-lab/Video-MME,,,,multimodal video evaluation,,,,,,
vietnamese_glue,Vietnamese GLUE,ViGLUE,2024,NAACL 2024,multilingual,vietnamese,,,https://huggingface.co/datasets/VietAI/vietnamese_glue,1,Vietnamese,Vietnam,Vietnamese NLU,,,,,,
vmlu,VMLU,VMLU,2023,arXiv 2023,multilingual,vietnamese-knowledge,,,https://huggingface.co/datasets/vilm/vmlu,1,Vietnamese,Vietnam,Vietnamese knowledge assessment,,,,,,
wildbench,WildBench,WildBench,2023,arXiv 2023,alignment/safety,instruction-following,,,https://huggingface.co/datasets/allenai/WildBench,,,,instruction following on diverse tasks,,,,,,
wmt,WMT,WMT,2021,WMT 2021,Machine Translation,machine-translation,,,https://huggingface.co/datasets/wmt/wmt19,15,Multiple language pairs,,machine translation,,,,,,
worldvaluesbench,World Values Bench,WVB,2024,arXiv 2024,cross-cultural,value-alignment,,,https://huggingface.co/datasets/cultural-alignment/WorldValuesBench,,,,world values alignment,,,,,,
xcr_bench,XCR-Bench,XCR-Bench,2024,arXiv 2024,cross-cultural,cultural-reasoning,https://www.semanticscholar.org/paper/WorldValuesBench%3A-A-Large-Scale-Benchmark-Dataset-Zhao-Mondal/300867919d63378d15df2919a7586fc104631cc0,https://github.com/mohsinulkabir14/xcr_bench,,5,Multiple languages,,cross-cultural reasoning,,,,,,
xifbench,XIF-Bench,XIF-Bench,2024,arXiv 2024,multilingual,instruction-following,https://arxiv.org/html/2503.07539v1,https://github.com/zhenyuli801/XIFBench,,5,Multiple languages,,cross-lingual instruction following,,,,,,
binz_schulz_2023,Binz & Schulz 2023,Binz-Schulz,2023,arXiv 2023,cognitive-science,cognitive-modeling,https://arxiv.org/abs/2306.03917,,https://huggingface.co/marcelbinz,1,English,,cognitive tasks,,,,,,
global_piqa,Global PIQA,Global-PIQA,2024,arXiv 2024,multilingual,reasoning,,,https://huggingface.co/datasets/CohereForAI/global-piqa,10,Multiple languages,,physical commonsense reasoning,,,,,,
mmlu,Measuring Massive Multitask Language Understanding,MMLU,,,General,knowledge,https://arxiv.org/abs/2009.03300,https://github.com/hendrycks/test,https://huggingface.co/datasets/cais/mmlu,,,,,,,,,,https://huggingface.co/papers/2009.03300
gsm8k,Grade School Math 8K,GSM8K,,,Math,math-reasoning,,https://github.com/huggingface/evaluation-guidebook/blob/main/contents/automated-benchmarks/some-evaluation-datasets.md,https://huggingface.co/datasets/oieieio/gsm8k/commit/b72016dfbfa6f9914c8d010a93d70c79ff8aa097,,,,,,,,,,https://www.emergentmind.com/topics/gsm8k-dataset
math,MATH Dataset (Measuring Mathematical Problem Solving),MATH,,,Math,math-reasoning,https://arxiv.org/abs/2510.14305,,https://huggingface.co/datasets/hendrycks/competition_math,,,,,,,,,,https://huggingface.co/papers/2103.03874
hellaswag,HellaSwag: Can a Machine Really Finish Your Sentence?,HELLASWAG,,,General,commonsense,https://ar5iv.labs.arxiv.org/html/1905.07830,https://github.com/rowanz/hellaswag,https://huggingface.co/datasets/Rowan/hellaswag,,,,,,,,,,https://www.semanticscholar.org/paper/HellaSwag:-Can-a-Machine-Really-Finish-Your-Zellers-Holtzman/8b0f27bb594b1eaaf493eaf1e2ee723a2b0a19ad
arc,AI2 Reasoning Challenge,ARC,,,General,reasoning,,https://github.com/huggingface/evaluation-guidebook/blob/main/contents/automated-benchmarks/some-evaluation-datasets.md,https://huggingface.co/datasets/allenai/ai2_arc,,,,,,,,,,https://www.kaggle.com/datasets/jeromeblanchet/arc-ai2-reasoning-challenge
winogrande,WinoGrande: An Adversarial Winograd Schema Challenge,WINOGRANDE,,,General,commonsense,https://arxiv.org/abs/1907.10641,,,,,,,,,,,,
mmlu_pro,MMLU-Pro: A More Robust and Challenging Multi-Task Language Understanding Benchmark,MMLU_PRO,2024,,General,knowledge,https://arxiv.org/abs/2406.01574,https://github.com/TIGER-AI-Lab/MMLU-Pro,https://huggingface.co/datasets/TIGER-Lab/MMLU-Pro,1,English,,,accuracy,"12,032",,,,
livebench,"LiveBench: A Challenging, Contamination-Free LLM Benchmark",LIVEBENCH,2024,,General,multi-task,https://arxiv.org/abs/2406.19314,https://github.com/livebench/livebench,https://huggingface.co/datasets/livebench/livebench,1,English,,,"accuracy, pass@1",,,,,https://huggingface.co/papers/2406.19314
musr,MuSR: Testing the Limits of Chain-of-thought with Multistep Soft Reasoning,MUSR,2023,,General,reasoning,https://arxiv.org/abs/2310.13788,https://github.com/Zayne-xiong/MuSR,https://huggingface.co/datasets/Zayne-xiong/MuSR,1,English,,,accuracy,1000,,,,https://huggingface.co/papers/2310.16049
cruxeval,"CRUXEval: A Benchmark for Code Reasoning, Understanding and Execution",CRUXEVAL,,,Coding,code-execution,https://arxiv.org/abs/2401.03065,,https://huggingface.co/datasets/cruxeval-org/cruxeval/blob/main/README.md,,,,,,,,,,https://www.semanticscholar.org/paper/CRUXEval%3A-A-Benchmark-for-Code-Reasoning%2C-and-Gu-Rozi%C3%A8re/4701914bc77dedef9e0a001687277103fb3ddfc6
gpqa_diamond,,,2023,,Reasoning,,https://arxiv.org/abs/2311.12022,https://github.com/idavidrein/gpqa,https://huggingface.co/datasets/Idavidrein/gpqa,1,English,,,accuracy,198,,,,
aime_2025,,,2025,,Math,,,,,1,English,,,accuracy,15,,,,https://maa.org/math-competitions/aime-archive/
humanitys_last_exam,,,,,General,,https://arxiv.org/abs/2501.14249,,,,,,,,,,,,
arc_agi_2,,,2024,,Multimodal,,,,,1,Visual/Spatial,,,accuracy,,,,,https://arcprize.org/
artificial_analysis_intelligence,,,,,General,,,,,,,,,,,,,,https://artificialanalysis.ai/
livecodebench,,,,,Coding,,https://arxiv.org/abs/2403.07974,,,,,,,,,,,,
