model_id,model_name,model_family,developer,sizes,types,benchmark_count,total_results,avg_score,model_type,model_size,provider,type,base_model,year_evaluated,inference_platform,inference_engine,organization,release_date,architecture,context_window,license,url,parameters_billion
Llama 4 Maverick,Llama 4 Maverick,llama,Meta,,"closed,open",4.0,4.0,26.69,open,,,,,,,,,,,,,,
o3-mini,o3-mini,o3,OpenAI,,closed,5.0,5.0,282.41,,,,,,,,,,,,,,,
o1-preview,o1-preview,o1,OpenAI,,closed,4.0,4.0,347.14,,,,,,,,,,,,,,,
Claude 3 Opus,Claude 3 Opus,claude,Anthropic,,closed,6.0,6.0,227.32,closed,,,,,,,,,,,,,,
GPT-4o,GPT-4o,gpt,OpenAI,,closed,66.0,105.0,35.42,closed,,,,,,,,,,,,,,
GPT-4 Turbo,GPT-4 Turbo,gpt,OpenAI,,closed,2.0,2.0,38.04,closed,,,,,,,,,,,,,,
Llama 3.2 90B Instruct,Llama 3.2 90B Instruct,llama,Meta,90B,open,2.0,2.0,0.74,open,,,,,,,,,,,,,,
Claude 3.5 Haiku,Claude 3.5 Haiku,claude,Anthropic,,closed,1.0,1.0,0.86,closed,,,,,,,,,,,,,,
Claude 3 Sonnet,Claude 3 Sonnet,claude,Anthropic,,closed,3.0,3.0,408.01,closed,,,,,,,,,,,,,,
Gemini 1.5 Flash,Gemini 1.5 Flash,gemini,Google,,closed,3.0,3.0,0.84,closed,,,,,,,,,,,,,,
Claude 3 Haiku,Claude 3 Haiku,claude,Anthropic,,closed,2.0,2.0,597.38,closed,,,,,,,,,,,,,,
GPT-4,GPT-4,gpt,OpenAI,,closed,55.0,75.0,42.91,closed,,,,,,,,,,,,,,
Llama 3.2 11B Instruct,Llama 3.2 11B Instruct,llama,Meta,11B,open,1.0,1.0,0.69,open,,,,,,,,,,,,,,
Jais-chat 30B,Jais-chat 30B,Jais,Core42,30B,open,1.0,1.0,0.62,,,,,,,,,,,,,,,
BLOOMZ,BLOOMZ,BLOOM,BigScience,,open,2.0,2.0,0.45,,,,,,,,,,,,,,,
GPT-3.5,GPT-3.5,gpt,OpenAI,,closed,1.0,1.0,0.0,closed,,,,,,,,,,,,,,
LLaMA,LLaMA,llama,Meta,,open,1.0,1.0,0.0,open,,,,,,,,,,,,,,
Mixtral-8x7B-Instruct,Mixtral-8x7B-Instruct,mixtral,Mistral AI,8X7B,open,2.0,2.0,5.9,open,,,,,,,,,,,,,,
Alpaca-7B,Alpaca-7B,Alpaca,Stanford,7B,open,1.0,1.0,0.11,,,,,,,,,,,,,,,
Granite 3.3 8B Instruct,Granite 3.3 8B Instruct,Granite,,8B,open,1.0,1.0,0.67,,,,,,,,,,,,,,,
Command R+,Command R+,Command R+,Cohere,,closed,1.0,1.0,0.56,,,,,,,,,,,,,,,
GPT-3,GPT-3 (original),gpt,OpenAI,,closed,1.0,1.0,0.58,closed,,,,,,,,,,,,,,
Gemma 3 27B,Gemma 3 27B,Gemma 2,Google,27B,open,3.0,3.0,42.71,,,,,,,,,,,,,,,
Gemma 3 1B,Gemma 3 1B,Gemma,Google,1B,open,2.0,2.0,0.4,,,,,,,,,,,,,,,
Hermes 3 70B,Hermes 3 70B,Hermes,Nous Research,70B,open,2.0,2.0,4.81,,,,,,,,,,,,,,,
DeepSeek-V2.5,DeepSeek-V2.5,deepseek,DeepSeek,,closed,1.0,1.0,9.02,closed,,,,,,,,,,,,,,
Mistral Large 2,Mistral Large 2,mistral,Mistral AI,,closed,1.0,1.0,8.63,open,,,,,,,,,,,,,,
Claude-1,Claude-1,claude,Anthropic,,closed,1.0,1.0,1.0,closed,,,,,,,,,,,,,,
LLaMA-2-70B,LLaMA-2-70B,llama,Meta,70B,open,2.0,2.0,41.8,open,,,,,,,,,,,,,,
HyperCLOVA X,HyperCLOVA X,Hyperclova,,,closed,1.0,1.0,0.53,,,,,,,,,,,,,,,
Yi-Ko-34B,Yi-Ko-34B,Yi,01.AI,34B,open,1.0,1.0,0.5,,,,,,,,,,,,,,,
Gemini Pro,Gemini Pro,gemini,Google,,closed,2.0,2.0,563.25,closed,,,,,,,,,,,,,,
GPT-3.5-Turbo,GPT-3.5-Turbo,gpt,OpenAI,,closed,11.0,11.0,29.89,closed,,,,,,,,,,,,,,
Baichuan2-13B,Baichuan2-13B,Baichuan 2,Baichuan,13B,open,1.0,1.0,0.62,,,,,,,,,,,,,,,
Baichuan-13B,Baichuan-13B,Baichuan,Baichuan,13B,open,1.0,1.0,0.56,,,,,,,,,,,,,,,
ChatGLM2-6B,ChatGLM2-6B,ChatGLM-2,Zhipu AI,6B,open,2.0,2.0,469.74,,,,,,,,,,,,,,,
BLOOMZ-7.1B,BLOOMZ-7.1B,BLOOM,BigScience,7.1B,open,1.0,1.0,0.43,,,,,,,,,,,,,,,
Llama1-70B,Llama1-70B,llama1,Meta,70B,open,1.0,1.0,0.41,open,,,,,,,,,,,,,,
Llama1-30B,Llama1-30B,llama1,Meta,30B,open,1.0,1.0,0.36,open,,,,,,,,,,,,,,
Llama1-13B,Llama1-13B,llama1,Meta,13B,open,1.0,1.0,0.3,open,,,,,,,,,,,,,,
Llama1-7B,Llama1-7B,llama1,Meta,7B,open,1.0,1.0,0.28,open,,,,,,,,,,,,,,
Aya-101-13B,Aya-101-13B,Aya,Cohere,13B,open,1.0,2.0,20.24,,,,,,,,,,,,,,,
Claude-3.5-Sonnet,Claude-3.5-Sonnet,claude,Anthropic,,closed,20.0,28.0,38.02,closed,,,,,,,,,,,,,,
Gemini 2.0 Flash,Gemini 2.0 Flash,gemini,Google,,closed,4.0,4.0,49.22,closed,,,,,,,,,,,,,,
Qwen2.5-72B,Qwen2.5-72B,qwen2.5,Alibaba Cloud,72B,open,6.0,11.0,35.12,open,,,,,,,,,,,,,,
Qwen-14B-Chat,Qwen-14B-Chat,qwen,Alibaba Cloud,14B,open,2.0,2.0,525.3,open,,,,,,,,,,,,,,
Mixtral-8x7B,Mixtral-8x7B,mixtral,Mistral AI,8X7B,open,1.0,1.0,0.55,open,,,,,,,,,,,,,,
Baichuan2-13B-Chat,Baichuan2-13B-Chat,Baichuan 2,Baichuan,13B,open,2.0,2.0,12.3,,,,,,,,,,,,,,,
Mistral-7B,Mistral-7B,mistral,Mistral AI,7B,open,3.0,3.0,0.34,open,,,,,,,,,,,,,,
ChatGLM3-6B,ChatGLM3-6B,ChatGLM-3,Zhipu AI,6B,open,4.0,4.0,333.06,,,,,,,,,,,,,,,
Claude 3.7 Sonnet,Claude 3.7 Sonnet,claude,Anthropic,,closed,5.0,5.0,261.64,closed,,,,,,,,,,,,,,
DeepSeek-v3,DeepSeek-v3,deepseek,DeepSeek,,open,2.0,2.0,0.77,closed,,,,,,,,,,,,,,
Gemini 3.1 Pro,Gemini 3.1 Pro,gemini,Google,,closed,3.0,3.0,498.17,closed,,,,,,,,,,,,,,
Gemini 3 Pro,Gemini 3 Pro,gemini,Google,,closed,5.0,7.0,213.04,closed,,,,,,,,,,,,,,
Claude Opus 4.6,Claude Opus 4.6,claude,Anthropic,,closed,2.0,2.0,748.76,closed,,,,,,,,,,,,,,
Claude Opus 4.5,Claude Opus 4.5,claude,Anthropic,,closed,3.0,3.0,0.86,closed,,,,,,,,,,,,,,
GPT-5.2,GPT-5.2,gpt,OpenAI,,closed,2.0,2.0,738.97,closed,,,,,,,,,,,,,,
Claude Opus 4.1,Claude Opus 4.1,claude,Anthropic,,closed,1.0,1.0,0.9,closed,,,,,,,,,,,,,,
Qwen3.6 Plus,Qwen3.6 Plus,qwen3.6,Alibaba Cloud,,"closed,open",4.0,4.0,0.9,open,,,,,,,,,,,,,,
Claude Sonnet 4.6,Claude Sonnet 4.6,claude,Anthropic,,closed,2.0,2.0,731.55,closed,,,,,,,,,,,,,,
Claude Sonnet 4.5,Claude Sonnet 4.5,claude,Anthropic,,closed,2.0,2.0,27.29,closed,,,,,,,,,,,,,,
Gemini 3.1 Flash-Lite,Gemini 3.1 Flash-Lite,gemini,Google,,closed,1.0,1.0,0.89,closed,,,,,,,,,,,,,,
Claude Opus 4,Claude Opus 4,claude,Anthropic,,closed,1.0,1.0,0.89,closed,,,,,,,,,,,,,,
Qwen3.5-397B-A17B,Qwen3.5-397B-A17B,qwen3.5,Alibaba Cloud,397B,open,1.0,1.0,0.89,open,,,,,,,,,,,,,,
Gemma 4 31B,Gemma 4 31B,Gemma,Google,31B,"closed,open",2.0,2.0,31.25,,,,,,,,,,,,,,,
o1,o1,o1,OpenAI,,closed,6.0,7.0,45.99,,,,,,,,,,,,,,,
GPT-4.1,GPT-4.1,gpt,OpenAI,,closed,7.0,7.0,24.21,closed,,,,,,,,,,,,,,
Qwen3 235B A22B,Qwen3 235B A22B,qwen3,Alibaba Cloud,235B,open,3.0,3.0,0.8,open,,,,,,,,,,,,,,
Claude Sonnet 4,Claude Sonnet 4,claude,Anthropic,,closed,3.0,3.0,0.62,closed,,,,,,,,,,,,,,
Gemma 4 26B-A4B,Gemma 4 26B-A4B,Gemma 2,Google,26B,open,1.0,1.0,0.86,,,,,,,,,,,,,,,
Qwen3.5-27B,Qwen3.5-27B,qwen3.5,Alibaba Cloud,27B,open,4.0,4.0,0.88,open,,,,,,,,,,,,,,
K-EXAONE-236B-A23B,K-EXAONE-236B-A23B,K,,236B,open,1.0,1.0,0.86,,,,,,,,,,,,,,,
Mistral Large 3,Mistral Large 3 (675B),mistral,Mistral AI,675B,open,2.0,2.0,0.55,open,,,,,,,,,,,,,,
Qwen3.5-35B-A3B,Qwen3.5-35B-A3B,qwen3.5,Alibaba Cloud,35B,open,2.0,2.0,0.86,open,,,,,,,,,,,,,,
GPT-4.5,GPT-4.5,gpt,OpenAI,,closed,3.0,3.0,0.74,closed,,,,,,,,,,,,,,
GPT OSS 120B,GPT OSS 120B,gpt,OpenAI,120B,open,1.0,1.0,0.84,closed,,,,,,,,,,,,,,
Claude Haiku 4.5,Claude Haiku 4.5,claude,Anthropic,,closed,2.0,2.0,23.08,closed,,,,,,,,,,,,,,
Qwen3.5-9B,Qwen3.5-9B,qwen3.5,Alibaba Cloud,9B,open,2.0,2.0,0.82,open,,,,,,,,,,,,,,
GPT-4.1 mini,GPT-4.1 mini,gpt,OpenAI,,closed,2.0,2.0,0.73,closed,,,,,,,,,,,,,,
Gemma 4 E4B,Gemma 4 E4B,Gemma,Google,4B,open,1.0,1.0,0.77,,,,,,,,,,,,,,,
Qwen3.5-4B,Qwen3.5-4B,qwen3.5,Alibaba Cloud,4B,open,2.0,2.0,0.78,open,,,,,,,,,,,,,,
Gemma 4 E2B,Gemma 4 E2B,Gemma 2,Google,2B,open,1.0,1.0,0.67,,,,,,,,,,,,,,,
GPT-4.1 nano,GPT-4.1 nano,gpt,OpenAI,,closed,2.0,2.0,0.62,closed,,,,,,,,,,,,,,
Qwen3.5-2B,Qwen3.5-2B,qwen3.5,Alibaba Cloud,2B,open,2.0,2.0,0.66,open,,,,,,,,,,,,,,
Qwen3.5-0.8B,Qwen3.5-0.8B,qwen3.5,Alibaba Cloud,0.8B,open,3.0,3.0,0.49,open,,,,,,,,,,,,,,
GPT-4o-mini,GPT-4o-mini,gpt,OpenAI,,closed,6.0,13.0,11.51,closed,,,,,,,,,,,,,,
QwQ-32B,QwQ-32B,Qwq,Alibaba Cloud,32B,open,6.0,6.0,258.9,,,,,,,,,,,,,,,
DeepSeek-R1,DeepSeek-R1,deepseek,DeepSeek,,open,6.0,9.0,210.23,closed,,,,,,,,,,,,,,
Qwen-2.5-Max,Qwen-2.5-Max,qwen,Alibaba Cloud,,closed,1.0,1.0,54.99,open,,,,,,,,,,,,,,
LLaMA-3.3-70B,LLaMA-3.3-70B,llama,Meta,70B,open,1.0,1.0,52.62,open,,,,,,,,,,,,,,
OLMo-2-32B,OLMo-2-32B,OLMo 2,AllenAI,32B,open,1.0,1.0,44.91,,,,,,,,,,,,,,,
Gemma2-9B SEA-LION,Gemma2-9B SEA-LION,SEA-LION,AI Singapore,9B,open,1.0,1.0,63.2,,,,,,,,,,,,,,,
Gemma-2-9B,Gemma-2-9B,Gemma 2,Google,9B,open,3.0,3.0,55.1,,,,,,,,,,,,,,,
Llama3.1-8B SEA-LION,Llama3.1-8B SEA-LION,llama3.1,AI Singapore,8B,open,1.0,1.0,55.7,open,,,,,,,,,,,,,,
Qwen2.5-7B-Instruct,Qwen2.5-7B-Instruct,qwen2.5,Alibaba Cloud,7B,open,5.0,6.0,34.94,open,,,,,,,,,,,,,,
GPT-5,GPT-5,gpt,OpenAI,,closed,8.0,10.0,14.85,closed,,,,,,,,,,,,,,
Gemini 2.5 Pro,Gemini 2.5 Pro,gemini,Google,,closed,3.0,3.0,31.95,closed,,,,,,,,,,,,,,
Grok 4 Fast,Grok 4 Fast,Grok,xAI,,closed,2.0,2.0,0.82,,,,,,,,,,,,,,,
GPT-3-davinci-003,GPT-3-davinci-003,gpt,OpenAI,,closed,1.0,2.0,0.11,closed,,,,,,,,,,,,,,
OLMo-2-7B,OLMo-2-7B,OLMo 2,AllenAI,7B,open,1.0,1.0,0.6,,,,,,,,,,,,,,,
Phi-4-Mini,Phi-4-Mini,Phi-4,Microsoft,,open,2.0,2.0,0.66,,,,,,,,,,,,,,,
Gemini-1.5-Pro,Gemini-1.5-Pro,gemini,Google,,closed,28.0,36.0,41.55,closed,,,,,,,,,,,,,,
Gemma-2-27B,Gemma-2-27B,Gemma 2,Google,27B,open,4.0,5.0,32.85,,,,,,,,,,,,,,,
Llama 3.1,Llama 3.1 (8B),llama,Meta,8B,open,1.0,1.0,0.77,open,,,,,,,,,,,,,,
Gemma 2,Gemma 2 (9B),Gemma 2,Google,9B,open,1.0,1.0,0.72,,,,,,,,,,,,,,,
Llama 3,Llama 3 (8B),llama,Meta,8B,open,1.0,1.0,0.65,open,,,,,,,,,,,,,,
Gemma 1,Gemma 1 (7B),Gemma,Google,7B,open,1.0,1.0,0.59,,,,,,,,,,,,,,,
Mistral 0.3,Mistral 0.3 (7B),mistral,Mistral AI,7B,open,1.0,1.0,0.47,open,,,,,,,,,,,,,,
Llama 2,Llama 2 (7B),llama,Meta,7B,open,1.0,1.0,0.25,open,,,,,,,,,,,,,,
OLMo 1.7,OLMo 1.7 (7B),OLMo,AllenAI,7B,open,1.0,1.0,0.2,,,,,,,,,,,,,,,
Qwen3-8B,Qwen3-8B,qwen3,Alibaba Cloud,8B,open,1.0,1.0,0.89,open,,,,,,,,,,,,,,
PolyLM,PolyLM,Polylm,,,open,1.0,1.0,0.11,,,,,,,,,,,,,,,
Grok 4.20 beta1,Grok 4.20 beta1,Grok,xAI,,closed,1.0,1.0,1490.38,,,,,,,,,,,,,,,
GPT-5.4,GPT-5.4-high,gpt,OpenAI,,closed,1.0,1.0,1483.56,closed,,,,,,,,,,,,,,
Kimi K2 Base,Kimi K2 Base,Moonshot,Moonshot AI,,open,1.0,1.0,0.85,,,,,,,,,,,,,,,
Mistral Small 3.1 24B Instruct,Mistral Small 3.1 24B Instruct,mistral,Mistral AI,24B,open,1.0,1.0,0.81,open,,,,,,,,,,,,,,
Med-PaLM 2,Med-PaLM 2,Med,,,closed,2.0,2.0,41.33,,,,,,,,,,,,,,,
Flan-PaLM,Flan-PaLM (540B),Flan,,540B,open,1.0,1.0,0.68,,,,,,,,,,,,,,,
PMC-LLaMA-13B,PMC-LLaMA-13B,pmc,Meta,13B,open,1.0,1.0,0.78,open,,,,,,,,,,,,,,
Kimi K2 0905,Kimi K2 0905,Moonshot,Moonshot AI,,open,1.0,1.0,0.94,,,,,,,,,,,,,,,
o1-mini,o1-mini,o1,OpenAI,,closed,4.0,4.0,345.09,,,,,,,,,,,,,,,
Llama 3.1 405B Instruct,Llama 3.1 405B Instruct,llama,Meta,405B,open,3.0,3.0,0.88,open,,,,,,,,,,,,,,
LLaVA-1.5-7B,LLaVA-1.5-7B,LLaVA,UW / Haotian Liu,7B,open,1.0,2.0,0.43,,,,,,,,,,,,,,,
GLM-4V-9B,GLM-4V-9B,GLM-4,Zhipu AI,9B,open,1.0,1.0,0.52,,,,,,,,,,,,,,,
InternVL2-8B,InternVL2-8B,InternVL,Shanghai AI Lab,8B,open,1.0,1.0,0.48,,,,,,,,,,,,,,,
GPT-4V,GPT-4V,gpt,OpenAI,,closed,7.0,7.0,30.44,closed,,,,,,,,,,,,,,
Gemini-V,Gemini-V,gemini,Google,,closed,1.0,1.0,0.31,closed,,,,,,,,,,,,,,
LLaVA-1.5-13B,LLaVA-1.5-13B,LLaVA,UW / Haotian Liu,13B,open,5.0,5.0,12.49,,,,,,,,,,,,,,,
Qwen2-Audio,Qwen2-Audio,qwen2,Alibaba Cloud,,open,2.0,2.0,0.52,open,,,,,,,,,,,,,,
SALMONN,SALMONN,Salmonn,,,open,3.0,3.0,2.23,,,,,,,,,,,,,,,
Qwen-Audio,Qwen-Audio,qwen,Alibaba Cloud,,open,1.0,1.0,5.65,open,,,,,,,,,,,,,,
Qwen-Audio-Chat,Qwen-Audio-Chat,qwen,Alibaba Cloud,,open,1.0,2.0,1.85,open,,,,,,,,,,,,,,
Llama-3.1-70B-Instruct,Llama-3.1-70B-Instruct,llama,Meta,70B,open,15.0,17.0,46.06,open,,,,,,,,,,,,,,
Mistral-7B-Instruct,Mistral-7B-Instruct,mistral,Mistral AI,7B,open,7.0,7.0,26.4,open,,,,,,,,,,,,,,
Marco-o1,Marco-o1,o1,OpenAI,,open,1.0,1.0,0.68,,,,,,,,,,,,,,,
Claude-2,Claude-2,claude,Anthropic,,closed,8.0,8.0,24.91,closed,,,,,,,,,,,,,,
Llama-2-70B-Chat,Llama-2-70B-Chat,llama,Meta,70B,open,4.0,4.0,40.8,open,,,,,,,,,,,,,,
GPT-4 + WebSearch,GPT-4 + WebSearch,gpt,OpenAI,,closed,1.0,1.0,0.83,closed,,,,,,,,,,,,,,
Gemini Ultra,Gemini Ultra,gemini,Google,,closed,2.0,2.0,0.41,closed,,,,,,,,,,,,,,
MiniCPM-V 2.5,MiniCPM-V 2.5,MiniCPM,OpenBMB,,open,1.0,1.0,0.17,,,,,,,,,,,,,,,
BLIP2-FLAN-T5-XXL,BLIP2-FLAN-T5-XXL,Blip2,,,open,1.0,1.0,0.34,,,,,,,,,,,,,,,
Qwen2-VL-72B,Qwen2-VL-72B,qwen2,Alibaba Cloud,72B,open,4.0,4.0,35.79,open,,,,,,,,,,,,,,
LLaVA-Video-72B,LLaVA-Video-72B,LLaVA,UW / Haotian Liu,72B,open,1.0,1.0,70.6,,,,,,,,,,,,,,,
SOTA 2023,SOTA 2023 (InternVL),Sota,Shanghai AI Lab,,open,1.0,1.0,33.0,,,,,,,,,,,,,,,
Codex,Codex,Codex,,,closed,1.0,1.0,28.5,,,,,,,,,,,,,,,
CodeGen-16B-multi,CodeGen-16B-multi,Codegen,,16B,open,1.0,1.0,18.5,,,,,,,,,,,,,,,
InCoder-6B,InCoder-6B,Incoder,,6B,open,1.0,1.0,12.7,,,,,,,,,,,,,,,
CodeLlama-34B-Instruct,CodeLlama-34B-Instruct,codellama,Meta,34B,open,3.0,3.0,44.8,open,,,,,,,,,,,,,,
DeepSeek-Coder-33B-Instruct,DeepSeek-Coder-33B-Instruct,deepseek,DeepSeek,33B,open,1.0,1.0,52.3,closed,,,,,,,,,,,,,,
MMed-Llama-3-8B,MMed-Llama-3-8B,mmed,Meta,8B,open,1.0,1.0,74.0,open,,,,,,,,,,,,,,
InternVL-Chat-V1.5,InternVL-Chat-V1.5,InternVL,Shanghai AI Lab,,open,2.0,2.0,58.7,,,,,,,,,,,,,,,
Cohere-Aya-8B,Cohere-Aya-8B,Aya,Cohere,8B,open,1.0,1.0,28.7,,,,,,,,,,,,,,,
Mistral-Large,Mistral-Large,mistral,Mistral AI,,closed,1.0,1.0,14.63,open,,,,,,,,,,,,,,
Llama-3.3-70B-Instruct,Llama-3.3-70B-Instruct,llama,Meta,70B,open,4.0,4.0,350.01,open,,,,,,,,,,,,,,
AceGPT-chat-13B,AceGPT-chat-13B,acegpt,OpenAI,13B,open,1.0,1.0,52.6,closed,,,,,,,,,,,,,,
BLOOMZ-7B,BLOOMZ-7B,BLOOM,BigScience,7B,open,3.0,3.0,34.93,,,,,,,,,,,,,,,
mT0-13B,mT0-13B,Mt0,,13B,open,2.0,2.0,22.44,,,,,,,,,,,,,,,
CodeLlama-34B,CodeLlama-34B,codellama,Meta,34B,open,1.0,1.0,62.4,open,,,,,,,,,,,,,,
MedAlpaca-13B,MedAlpaca-13B,Alpaca,Stanford,13B,open,1.0,1.0,52.8,,,,,,,,,,,,,,,
Med-PaLM,Med-PaLM,Med,,,closed,1.0,1.0,79.0,,,,,,,,,,,,,,,
PaLM-540B,PaLM-540B,Palm,,540B,closed,2.0,3.0,55.37,,,,,,,,,,,,,,,
mT5-XXL,mT5-XXL,Mt5,,,open,3.0,3.0,58.83,,,,,,,,,,,,,,,
Gemma-2-9B-IT,Gemma-2-9B-IT,Gemma 2,Google,9B,open,5.0,5.0,44.17,,,,,,,,,,,,,,,
BLOOM-176B,BLOOM-176B,BLOOM,BigScience,176B,open,1.0,1.0,41.6,,,,,,,,,,,,,,,
SALMONN-13B,SALMONN-13B,Salmonn,,13B,open,2.0,2.0,20.32,,,,,,,,,,,,,,,
Qwen2.5-1.5B-Math,Qwen2.5-1.5B-Math (ORM),qwen2.5,Alibaba Cloud,1.5B,open,1.0,1.0,35.8,open,,,,,,,,,,,,,,
Llama3-PBM-Nova-70B,Llama3-PBM-Nova-70B,llama3,Meta,70B,open,1.0,1.0,62.39,open,,,,,,,,,,,,,,
OpenPipe-MoA-GPT4-Turbo,OpenPipe-MoA-GPT4-Turbo,openpipe,OpenAI,,closed,1.0,1.0,68.38,closed,,,,,,,,,,,,,,
Jais-30B-chat,Jais-30B-chat,Jais,Core42,30B,open,1.0,1.0,58.9,,,,,,,,,,,,,,,
MMedLM-2-7B,MMedLM-2-7B,Mmedlm,,7B,open,1.0,1.0,61.7,,,,,,,,,,,,,,,
LLaVA-NeXT-34B,LLaVA-NeXT-34B,LLaVA,UW / Haotian Liu,34B,open,1.0,1.0,50.1,,,,,,,,,,,,,,,
Qwen-VL-Chat,Qwen-VL-Chat,qwen,Alibaba Cloud,,open,3.0,3.0,37.5,open,,,,,,,,,,,,,,
DeepSeek-Coder-33B,DeepSeek-Coder-33B,deepseek,DeepSeek,33B,open,1.0,1.0,51.2,closed,,,,,,,,,,,,,,
WizardCoder-34B,WizardCoder-34B,WizardCoder,Microsoft,34B,open,1.0,1.0,44.6,,,,,,,,,,,,,,,
mCoder-13B,mCoder-13B,Mcoder,,13B,open,1.0,1.0,44.8,,,,,,,,,,,,,,,
Qwen-7B-Chat,Qwen-7B-Chat,qwen,Alibaba Cloud,7B,open,1.0,1.0,0.65,open,,,,,,,,,,,,,,
Qwen3,Qwen3,qwen3,Alibaba Cloud,,open,1.0,1.0,0.45,open,,,,,,,,,,,,,,
Qwen2.5-VL-7B,Qwen2.5-VL-7B,qwen2.5,Alibaba Cloud,7B,open,1.0,1.0,0.27,open,,,,,,,,,,,,,,
Gemini-2.5-Flash,Gemini-2.5-Flash,gemini,Google,,closed,3.0,3.0,495.58,closed,,,,,,,,,,,,,,
Vicuna-13B,Vicuna-13B,Vicuna,LMSYS,13B,open,2.0,2.0,528.69,,,,,,,,,,,,,,,
Vicuna-7B,Vicuna-7B,Vicuna,LMSYS,7B,open,2.0,2.0,510.17,,,,,,,,,,,,,,,
o3-2025-04-16,o3-2025-04-16,o3,OpenAI,,closed,2.0,2.0,756.95,,,,,,,,,,,,,,,
o4-mini-2025-04-16,o4-mini-2025-04-16-high,o4,OpenAI,,closed,1.0,1.0,79.1,,,,,,,,,,,,,,,
Qwen3-32B,Qwen3-32B,qwen3,Alibaba Cloud,32B,open,3.0,3.0,481.04,open,,,,,,,,,,,,,,
Qwen2.5-72B-Instruct,Qwen2.5-72B-Instruct,qwen2.5,Alibaba Cloud,72B,open,18.0,20.0,145.91,open,,,,,,,,,,,,,,
Qwen 2.5,Qwen 2.5 (72B),qwen,Alibaba Cloud,72B,open,1.0,1.0,0.87,open,,,,,,,,,,,,,,
Qwen3 30B A3B,Qwen3 30B A3B,qwen3,Alibaba Cloud,30B,open,2.0,2.0,0.71,open,,,,,,,,,,,,,,
Nova Pro,Nova Pro,Nova,,,closed,2.0,2.0,39.99,,,,,,,,,,,,,,,
Nova Lite,Nova Lite,Nova,,,closed,1.0,1.0,0.67,,,,,,,,,,,,,,,
Nova Micro,Nova Micro,Nova,,,closed,1.0,1.0,0.56,,,,,,,,,,,,,,,
Qwen3 VL 235B A22B Instruct,Qwen3 VL 235B A22B Instruct,qwen3,Alibaba Cloud,235B,open,1.0,1.0,0.76,open,,,,,,,,,,,,,,
Qwen3-Next-80B-A3B-Instruct,Qwen3-Next-80B-A3B-Instruct,qwen3,Alibaba Cloud,80B,open,1.0,1.0,0.76,open,,,,,,,,,,,,,,
Qwen3 VL 8B,Qwen3 VL 8B Thinking,qwen3,Alibaba Cloud,8B,open,1.0,1.0,0.75,open,,,,,,,,,,,,,,
o3-mini-2025-01-31,o3-mini-2025-01-31-high,o3,OpenAI,,closed,1.0,1.0,66.1,,,,,,,,,,,,,,,
o1-2024-12-17,o1-2024-12-17-high,o1,OpenAI,,closed,1.0,1.0,61.0,,,,,,,,,,,,,,,
Llama3-Inst-8B-SimPO,Llama3-Inst-8B-SimPO,llama3,Meta,8B,open,1.0,1.0,14.0,open,,,,,,,,,,,,,,
GLM-Z1-32B,GLM-Z1-32B,GLM,Zhipu AI,32B,open,1.0,1.0,56.7,,,,,,,,,,,,,,,
Qwen2-7B-Instruct,Qwen2-7B-Instruct,qwen2,Alibaba Cloud,7B,open,3.0,4.0,25.38,open,,,,,,,,,,,,,,
Mixtral 8x22B Instruct,Mixtral 8x22B Instruct,mixtral,Mistral AI,8X22B,open,1.0,10.0,0.59,open,,,,,,,,,,,,,,
Claude-Sonnet,Claude-Sonnet,claude,Anthropic,,,1.0,1.0,0.0,closed,,,,,,,,,,,,,,
mistral-large-2407,mistral-large-2407,mistral,Mistral AI,,,1.0,1.0,70.42,open,,,,,,,,,,,,,,
glm-4-0520,glm-4-0520,GLM-4,Zhipu AI,,,1.0,1.0,63.84,,,,,,,,,,,,,,,
deepseek-coder-v2,deepseek-coder-v2,deepseek,DeepSeek,,,1.0,1.0,62.3,closed,,,,,,,,,,,,,,
glm-4-0116,glm-4-0116,GLM-4,Zhipu AI,,,1.0,1.0,55.72,,,,,,,,,,,,,,,
glm-4-air,glm-4-air,GLM-4,Zhipu AI,,,1.0,1.0,50.88,,,,,,,,,,,,,,,
mistral-large-2402,mistral-large-2402,mistral,Mistral AI,,,1.0,1.0,37.71,open,,,,,,,,,,,,,,
mistral-medium,mistral-medium,mistral,Mistral AI,,,1.0,1.0,31.9,open,,,,,,,,,,,,,,
mistral-next,mistral-next,mistral,Mistral AI,,,1.0,1.0,27.37,open,,,,,,,,,,,,,,
claude-2.1,claude-2.1,claude,Anthropic,,,1.0,1.0,22.77,closed,,,,,,,,,,,,,,
llama-3.1-8b-instruct,llama-3.1-8b-instruct,llama,Meta,8B,,1.0,1.0,21.34,open,,,,,,,,,,,,,,
snorkel-mistral-pairrm-dpo,snorkel-mistral-pairrm-dpo,snorkel,Mistral AI,,,1.0,1.0,20.73,open,,,,,,,,,,,,,,
llama-3-8b-instruct,llama-3-8b-instruct,llama,Meta,8B,,1.0,1.0,20.56,open,,,,,,,,,,,,,,
Qwen3 VL 4B,Qwen3 VL 4B Thinking,qwen3,Alibaba Cloud,4B,open,1.0,1.0,0.74,open,,,,,,,,,,,,,,
Qwen3 VL 32B Instruct,Qwen3 VL 32B Instruct,qwen3,Alibaba Cloud,32B,open,1.0,1.0,0.72,open,,,,,,,,,,,,,,
Qwen3 VL 30B A3B Instruct,Qwen3 VL 30B A3B Instruct,qwen3,Alibaba Cloud,30B,open,1.0,1.0,0.66,open,,,,,,,,,,,,,,
GLM-4.6,GLM-4.6 (FC thinking),GLM-4,Zhipu AI,,,1.0,1.0,72.38,,,,,,,,,,,,,,,
Moonshotai-Kimi-K2-Instruct,Moonshotai-Kimi-K2-Instruct (FC),Moonshot,Moonshot AI,,,1.0,1.0,59.06,,,,,,,,,,,,,,,
DeepSeek-V3.2-Exp,DeepSeek-V3.2-Exp (Prompt + Thinking),deepseek,DeepSeek,,,1.0,1.0,56.73,closed,,,,,,,,,,,,,,
GPT-5.2-2025-12-11,GPT-5.2-2025-12-11 (FC),gpt,OpenAI,,,1.0,1.0,55.87,closed,,,,,,,,,,,,,,
Qwen3-14B,Qwen3-14B (FC),qwen3,Alibaba Cloud,14B,,1.0,1.0,41.03,open,,,,,,,,,,,,,,
mistral-large-2411,mistral-large-2411 (FC),mistral,Mistral AI,,,1.0,1.0,38.37,open,,,,,,,,,,,,,,
Mistral-Medium-2505,Mistral-Medium-2505,mistral,Mistral AI,,,1.0,1.0,37.69,open,,,,,,,,,,,,,,
Mistral-small-2506,Mistral-small-2506 (FC),mistral,Mistral AI,,,1.0,1.0,37.15,open,,,,,,,,,,,,,,
Gemini-2.5-Flash-Lite,Gemini-2.5-Flash-Lite (FC),gemini,Google,,,1.0,1.0,36.87,closed,,,,,,,,,,,,,,
Gemma-3-12b-it,Gemma-3-12b-it (Prompt),Gemma 2,Google,12B,,1.0,1.0,30.43,,,,,,,,,,,,,,,
Gemma-3-27b-it,Gemma-3-27b-it (Prompt),Gemma 2,Google,27B,,1.0,1.0,29.47,,,,,,,,,,,,,,,
Qwen3-1.7B,Qwen3-1.7B (FC),qwen3,Alibaba Cloud,1.7B,,1.0,1.0,28.41,open,,,,,,,,,,,,,,
Llama-4-Scout-17B-16E-Instruct,Llama-4-Scout-17B-16E-Instruct (FC),llama,Meta,17B,,1.0,1.0,28.13,open,,,,,,,,,,,,,,
Open-Mistral-Nemo-2407,Open-Mistral-Nemo-2407 (FC),open,Mistral AI,,,1.0,1.0,27.63,open,,,,,,,,,,,,,,
Qwen3-0.6B,Qwen3-0.6B (FC),qwen3,Alibaba Cloud,0.6B,,1.0,1.0,23.93,open,,,,,,,,,,,,,,
Gemma-3-4b-it,Gemma-3-4b-it (Prompt),Gemma,Google,4B,,1.0,1.0,19.62,,,,,,,,,,,,,,,
Llama-3.1-Nemotron-Ultra-253B-v1,Llama-3.1-Nemotron-Ultra-253B-v1 (FC),llama,Nvidia,253B,,1.0,1.0,10.0,open,,,,,,,,,,,,,,
Gemma-3-1b-it,Gemma-3-1b-it (Prompt),Gemma,Google,1B,,1.0,1.0,7.17,,,,,,,,,,,,,,,
MiniStral 3Mistral AI,MiniStral 3 (14B Instruct 2512) Mistral AI,ministral,Mistral AI,14B,,1.0,1.0,0.55,open,,,,,,,,,,,,,,
Llama 3.1 405B,Llama 3.1 405B,llama,Meta,405B,open,2.0,10.0,8.85,open,,,,,,,,,,,,,,
Llama 3.1 70B,Llama 3.1 70B,llama,Meta,70B,,1.0,9.0,0.58,open,,,,,,,,,,,,,,
Canary-1B-v2,Canary-1B-v2,Canary,,1B,open,1.0,1.0,8.1,,,,,,,,,,,,,,,
GemmaX2-28-9B,GemmaX2-28-9B,Gemma 2,Google,9B,open,1.0,1.0,39.72,,,,,,,,,,,,,,,
Qwen2.5-Math-1.5B,Qwen2.5-Math-1.5B (greedy),qwen2.5,Alibaba Cloud,1.5B,open,1.0,1.0,23.98,open,,,,,,,,,,,,,,
Aya-101,Aya-101 (TC),Aya,Cohere,,open,1.0,1.0,79.2,,,,,,,,,,,,,,,
LLaVA-v1.5-13B,LLaVA-v1.5-13B (caption),LLaVA,UW / Haotian Liu,13B,open,1.0,1.0,67.6,,,,,,,,,,,,,,,
LLaVA-v1.6-34B,LLaVA-v1.6-34B (caption),LLaVA,UW / Haotian Liu,34B,open,1.0,1.0,75.5,,,,,,,,,,,,,,,
Qwen-VL,Qwen-VL (zero-shot),qwen,Alibaba Cloud,,open,1.0,1.0,53.9,open,,,,,,,,,,,,,,
CodeT5+,CodeT5+ (220M),Codet5+,,,open,1.0,1.0,1.2,,,,,,,,,,,,,,,
CodeGen2,CodeGen2 (1B),Codegen2,,1B,open,1.0,1.0,9.6,,,,,,,,,,,,,,,
mCoder-7B,mCoder-7B,Mcoder,,7B,open,1.0,1.0,46.7,,,,,,,,,,,,,,,
CodeQwen1.5-7B,CodeQwen1.5-7B,codeqwen1.5,Alibaba Cloud,7B,open,1.0,1.0,45.5,open,,,,,,,,,,,,,,
o3,o3,o3,OpenAI,,closed,2.0,2.0,0.83,,,,,,,,,,,,,,,
SEA-LION v432B,SEA-LION v4 (Qwen) 32B,sea,AI Singapore,32B,open,1.0,1.0,60.82,open,,,,,,,,,,,,,,
SEA-LION v427B,SEA-LION v4 (Gemma) 27B,SEA-LION,AI Singapore,27B,open,1.0,1.0,59.84,,,,,,,,,,,,,,,
Gemma 2 Instruct 9B,Gemma 2 Instruct 9B,Gemma 2,Google,9B,open,1.0,1.0,36.4,,,,,,,,,,,,,,,
LLaMA-13B,LLaMA-13B,llama,Meta,13B,open,2.0,2.0,436.05,open,,,,,,,,,,,,,,
LLaMA-65B,LLaMA-65B,llama,Meta,65B,open,1.0,1.0,63.8,open,,,,,,,,,,,,,,
Llama-3.3 Nemotron Super 49B,Llama-3.3 Nemotron Super 49B,llama,Nvidia,49B,open,2.0,2.0,5.04,open,,,,,,,,,,,,,,
Mistral Small 3 24B,Mistral Small 3 24B,mistral,Mistral AI,24B,open,1.0,1.0,8.35,open,,,,,,,,,,,,,,
Ministral 8B,Ministral 8B,Ministral,Mistral AI,8B,open,1.0,1.0,8.3,,,,,,,,,,,,,,,
Llama 3.1 Nemotron Nano 8B,Llama 3.1 Nemotron Nano 8B,llama,Nvidia,8B,open,2.0,2.0,4.47,open,,,,,,,,,,,,,,
Jamba 1.5 Large,Jamba 1.5 Large,Jamba,,,open,1.0,1.0,0.58,,,,,,,,,,,,,,,
Granite 4.0 Tiny Preview,Granite 4.0 Tiny Preview,Granite,,,open,1.0,1.0,0.58,,,,,,,,,,,,,,,
Jamba 1.5 Mini,Jamba 1.5 Mini,Jamba,,,open,1.0,1.0,0.54,,,,,,,,,,,,,,,
Mistral NeMo 12B,Mistral NeMo 12B,mistral,Mistral AI,12B,open,2.0,2.0,0.62,open,,,,,,,,,,,,,,
GPT-5.1,GPT-5.1,gpt,OpenAI,,closed,1.0,1.0,0.85,closed,,,,,,,,,,,,,,
Qwen3.5-122B-A10B,Qwen3.5-122B-A10B,qwen3.5,Alibaba Cloud,122B,open,2.0,2.0,0.86,open,,,,,,,,,,,,,,
o4-mini,o4-mini,o4,OpenAI,,closed,1.0,1.0,0.82,,,,,,,,,,,,,,,
Grok-3,Grok-3,Grok,xAI,,closed,1.0,1.0,0.78,,,,,,,,,,,,,,,
Grok-2,Grok-2,Grok,xAI,,closed,1.0,1.0,0.66,,,,,,,,,,,,,,,
Pixtral Large,Pixtral Large,Pixtral,Mistral AI,,open,1.0,1.0,0.64,,,,,,,,,,,,,,,
Phi-4-multimodal-instruct,Phi-4-multimodal-instruct,Phi-4,Microsoft,,open,1.0,1.0,0.55,,,,,,,,,,,,,,,
Sarvam-30B,Sarvam-30B,Sarvam,Sarvam AI,30B,open,1.0,1.0,0.93,,,,,,,,,,,,,,,
Qwen3.5 397B,Qwen3.5 397B,qwen3.5,Alibaba Cloud,397B,open,2.0,2.0,0.85,open,,,,,,,,,,,,,,
GLM-5,GLM-5,GLM,Zhipu AI,,open,1.0,1.0,0.0,,,,,,,,,,,,,,,
Kimi K2.5,Kimi K2.5,Moonshot,Moonshot AI,,open,1.0,1.0,0.0,,,,,,,,,,,,,,,
Palmyra-Med,Palmyra-Med,Palmyra,,,open,1.0,1.0,81.1,,,,,,,,,,,,,,,
AntGLM-Med,AntGLM-Med,GLM,Zhipu AI,,open,1.0,1.0,80.6,,,,,,,,,,,,,,,
Galactica,Galactica,Galactica,Meta,,open,1.0,1.0,77.6,,,,,,,,,,,,,,,
GatorTronGPT,GatorTronGPT,gatortrongpt,OpenAI,,open,1.0,1.0,77.6,closed,,,,,,,,,,,,,,
Reka Core,Reka Core,Reka,,,closed,1.0,1.0,74.6,,,,,,,,,,,,,,,
PubMedGPT,PubMedGPT,pubmedgpt,OpenAI,,open,1.0,1.0,74.4,closed,,,,,,,,,,,,,,
Mistral Small 3.1 24B Base,Mistral Small 3.1 24B Base,mistral,Mistral AI,24B,open,1.0,1.0,0.81,open,,,,,,,,,,,,,,
Mistral Small 3 24B Base,Mistral Small 3 24B Base,mistral,Mistral AI,24B,open,1.0,1.0,0.8,open,,,,,,,,,,,,,,
Granite 3.3 8B Base,Granite 3.3 8B Base,Granite,,8B,open,1.0,1.0,0.78,,,,,,,,,,,,,,,
Ministral 3 14B Base,Ministral 3 14B Base,Ministral,Mistral AI,14B,open,1.0,1.0,0.75,,,,,,,,,,,,,,,
Gemma 3n E4B,Gemma 3n E4B,Gemma,Google,4B,open,1.0,1.0,0.7,,,,,,,,,,,,,,,
Ministral 3 8B Base,Ministral 3 8B Base,Ministral,Mistral AI,8B,open,1.0,1.0,0.68,,,,,,,,,,,,,,,
Ministral 8B Instruct,Ministral 8B Instruct,Ministral,Mistral AI,8B,open,1.0,1.0,0.66,,,,,,,,,,,,,,,
DeepSeek-V3.1,DeepSeek-V3.1,deepseek,DeepSeek,,open,2.0,2.0,34.3,closed,,,,,,,,,,,,,,
DeepSeek-R1-0528,DeepSeek-R1-0528,deepseek,DeepSeek,,open,2.0,2.0,712.46,closed,,,,,,,,,,,,,,
ERNIE 5.0,ERNIE 5.0,Ernie,,,closed,1.0,1.0,0.75,,,,,,,,,,,,,,,
Gemini 3 Flash,Gemini 3 Flash,gemini,Google,,closed,2.0,2.0,0.81,closed,,,,,,,,,,,,,,
Kimi K2-Instruct,Kimi K2-Instruct,Moonshot,Moonshot AI,,open,1.0,1.0,0.31,,,,,,,,,,,,,,,
MiniMax M1,MiniMax M1,MiniMax,MiniMax,,open,1.0,1.0,0.18,,,,,,,,,,,,,,,
Grok 3 Beta,Grok 3 Beta,Grok,xAI,,closed,1.0,1.0,86.1,,,,,,,,,,,,,,,
Qwen3 Max,Qwen3 Max,qwen3,Alibaba Cloud,,open,1.0,1.0,85.5,open,,,,,,,,,,,,,,
video-SALMONN 2+,video-SALMONN 2+,Video,,,open,1.0,1.0,81.6,,,,,,,,,,,,,,,
Video-LLaVA,Video-LLaVA,LLaVA,UW / Haotian Liu,,open,1.0,1.0,39.9,,,,,,,,,,,,,,,
Qwen-VL-Plus,Qwen-VL-Plus,qwen,Alibaba Cloud,,closed,1.0,1.0,36.8,open,,,,,,,,,,,,,,
Yi-VL-34B,Yi-VL-34B,Yi,01.AI,34B,open,1.0,1.0,36.5,,,,,,,,,,,,,,,
Yi-VL-6B,Yi-VL-6B,Yi,01.AI,6B,open,1.0,1.0,35.0,,,,,,,,,,,,,,,
Marco-VL-Plus,Marco-VL-Plus,Marco,,,closed,1.0,1.0,40.6,,,,,,,,,,,,,,,
SeaLLMs-v3-7B,SeaLLMs-v3-7B,Seallms,,7B,open,4.0,4.0,62.88,,,,,,,,,,,,,,,
GLM-4-9B-Chat,GLM-4-9B-Chat,GLM-4,Zhipu AI,9B,open,1.0,1.0,56.2,,,,,,,,,,,,,,,
Sailor-7B-Chat,Sailor-7B-Chat,Sailor,Sea AI Lab,7B,open,1.0,1.0,55.8,,,,,,,,,,,,,,,
SEA-LION-v3-8B,SEA-LION-v3-8B,SEA-LION,AI Singapore,8B,open,1.0,1.0,53.1,,,,,,,,,,,,,,,
SEA-LION-v4-Qwen-32B,SEA-LION-v4-Qwen-32B,sea,AI Singapore,32B,open,1.0,1.0,60.82,open,,,,,,,,,,,,,,
SEA-LION-v4-Gemma-27B,SEA-LION-v4-Gemma-27B,SEA-LION,AI Singapore,27B,open,1.0,1.0,59.84,,,,,,,,,,,,,,,
SEA-LION-v3-Llama-70B,SEA-LION-v3-Llama-70B,sea,AI Singapore,70B,open,1.0,1.0,57.5,open,,,,,,,,,,,,,,
KiLM-13b-v24.7.1,KiLM-13b-v24.7.1,Kilm,,13B,open,1.0,1.0,66.07,,,,,,,,,,,,,,,
VinaLLaMA-7B-chat,VinaLLaMA-7B-chat,vinallama,Meta,7B,open,1.0,1.0,41.4,open,,,,,,,,,,,,,,
SeaLLM-7b-v2,SeaLLM-7b-v2,Seallm,,7B,open,1.0,1.0,45.79,,,,,,,,,,,,,,,
BLOOM-7B,BLOOM-7B,BLOOM,BigScience,7B,open,1.0,1.0,45.8,,,,,,,,,,,,,,,
VinaLLaMA-7B,VinaLLaMA-7B,vinallama,Meta,7B,open,1.0,1.0,55.2,open,,,,,,,,,,,,,,
PhoGPT-7B5,PhoGPT-7B5,phogpt,OpenAI,7B,open,1.0,1.0,58.9,closed,,,,,,,,,,,,,,
Claude-Opus,Claude-Opus,claude,Anthropic,,closed,1.0,3.0,43.4,closed,,,,,,,,,,,,,,
Command-R,Command-R,Command R,Cohere,,open,2.0,2.0,12.39,,,,,,,,,,,,,,,
LLaMA-2-7B,LLaMA-2-7B,llama,Meta,7B,open,1.0,1.0,22.1,open,,,,,,,,,,,,,,
mT0-XXL,mT0-XXL,Mt0,,,open,1.0,1.0,20.5,,,,,,,,,,,,,,,
PhoGPT-7B5-Instruct,PhoGPT-7B5-Instruct,phogpt,OpenAI,7B,open,1.0,1.0,38.5,closed,,,,,,,,,,,,,,
Sailor2-8B-Chat,Sailor2-8B-Chat,Sailor,Sea AI Lab,8B,open,3.0,3.0,45.85,,,,,,,,,,,,,,,
Llama-3.1-8B-CPT-SEA-LIONv3,Llama-3.1-8B-CPT-SEA-LIONv3,llama,AI Singapore,8B,open,1.0,1.0,55.8,open,,,,,,,,,,,,,,
Gemma-SEA-LION-v3-9B-IT,Gemma-SEA-LION-v3-9B-IT,SEA-LION,AI Singapore,9B,open,1.0,1.0,43.48,,,,,,,,,,,,,,,
SEA-LION-v3-70B,SEA-LION-v3-70B,SEA-LION,AI Singapore,70B,open,3.0,3.0,36.2,,,,,,,,,,,,,,,
SeaLLMs-v3-7B-Chat,SeaLLMs-v3-7B-Chat,Seallms,,7B,open,1.0,1.0,46.0,,,,,,,,,,,,,,,
ERNIE-4.5,ERNIE-4.5,Ernie,,,open,1.0,1.0,54.68,,,,,,,,,,,,,,,
Qwen3-235B-MoE,Qwen3-235B-MoE,qwen3,Alibaba Cloud,235B,open,1.0,1.0,54.29,open,,,,,,,,,,,,,,
Llama-4,Llama-4,llama,Meta,,open,1.0,1.0,60.67,open,,,,,,,,,,,,,,
Command-A-111B-03-2025,Command-A-111B-03-2025,Command A,Cohere,111B,open,1.0,1.0,55.63,,,,,,,,,,,,,,,
Llama-3.3-70B-Instruct-v2,Llama-3.3-70B-Instruct-v2,llama,Meta,70B,open,1.0,1.0,58.42,open,,,,,,,,,,,,,,
Llama-3.1-70B-Instruct-Turbo,Llama-3.1-70B-Instruct-Turbo,llama,Meta,70B,open,1.0,1.0,0.62,open,,,,,,,,,,,,,,
Typhoon-1.5X-Instruct-70B,Typhoon-1.5X-Instruct-70B,Typhoon,SCB 10X,70B,open,1.0,1.0,0.62,,,,,,,,,,,,,,,
Typhoon-v1.5-Instruct-72B,Typhoon-v1.5-Instruct-72B,Typhoon,SCB 10X,72B,open,1.0,1.0,0.59,,,,,,,,,,,,,,,
Typhoon-v1.5-8B,Typhoon-v1.5-8B,Typhoon,SCB 10X,8B,open,1.0,1.0,0.46,,,,,,,,,,,,,,,
Sailor-14B-Chat,Sailor-14B-Chat,Sailor,Sea AI Lab,14B,open,1.0,1.0,0.46,,,,,,,,,,,,,,,
SeaLLM-v2-7B-Chat,SeaLLM-v2-7B-Chat,Seallm,,7B,open,1.0,1.0,0.44,,,,,,,,,,,,,,,
BLOOMZ-7B1,BLOOMZ-7B1,BLOOM,BigScience,7B,open,2.0,2.0,18.91,,,,,,,,,,,,,,,
Llama-2-13B-Chat,Llama-2-13B-Chat,llama,Meta,13B,open,1.0,1.0,0.3,open,,,,,,,,,,,,,,
Merak-7B,Merak-7B,Merak,,7B,open,1.0,1.0,52.7,,,,,,,,,,,,,,,
mT0-xxl-13B,mT0-xxl-13B,Mt0,,13B,open,1.0,1.0,52.1,,,,,,,,,,,,,,,
Typhoon-2-70B-Instruct,Typhoon-2-70B-Instruct,Typhoon,SCB 10X,70B,open,1.0,1.0,66.8,,,,,,,,,,,,,,,
Typhoon-2-8B-Instruct,Typhoon-2-8B-Instruct,Typhoon,SCB 10X,8B,open,1.0,1.0,52.3,,,,,,,,,,,,,,,
NusaMT-7B,NusaMT-7B,Nusamt,,7B,open,1.0,1.0,24.68,,,,,,,,,,,,,,,
NusaMT-7B-Minang,NusaMT-7B-Minang,Nusamt,,7B,open,1.0,1.0,19.87,,,,,,,,,,,,,,,
Yi-1.5-34B,01-ai/Yi-1.5-34B,Yi 1.5,01.AI,34B,open,9.0,9.0,26.47,,,,,,,,,,,,,,,
Yi-1.5-34B-32K,01-ai/Yi-1.5-34B-32K,Yi 1.5,01.AI,34B,open,9.0,9.0,26.25,,,,,,,,,,,,,,,
Yi-1.5-34B-Chat,01-ai/Yi-1.5-34B-Chat,Yi 1.5,01.AI,34B,open,9.0,9.0,26.75,,,,,,,,,,,,,,,
Yi-1.5-34B-Chat-16K,01-ai/Yi-1.5-34B-Chat-16K,Yi 1.5,01.AI,34B,open,9.0,9.0,26.71,,,,,,,,,,,,,,,
Yi-1.5-6B,01-ai/Yi-1.5-6B,Yi 1.5,01.AI,6B,open,9.0,12.0,35.24,,,,,,,,,,,,,,,
Yi-1.5-6B-Chat,01-ai/Yi-1.5-6B-Chat,Yi 1.5,01.AI,6B,open,9.0,9.0,23.92,,,,,,,,,,,,,,,
Yi-1.5-9B,01-ai/Yi-1.5-9B,Yi 1.5,01.AI,9B,open,9.0,9.0,24.7,,,,,,,,,,,,,,,
Yi-1.5-9B-32K,01-ai/Yi-1.5-9B-32K,Yi 1.5,01.AI,9B,open,9.0,9.0,24.42,,,,,,,,,,,,,,,
Yi-1.5-9B-Chat,01-ai/Yi-1.5-9B-Chat,Yi 1.5,01.AI,9B,open,9.0,9.0,24.93,,,,,,,,,,,,,,,
Yi-1.5-9B-Chat-16K,01-ai/Yi-1.5-9B-Chat-16K,Yi 1.5,01.AI,9B,open,9.0,9.0,24.72,,,,,,,,,,,,,,,
Yi-34B,01-ai/Yi-34B,Yi,01.AI,34B,open,9.0,9.0,26.16,,,,,,,,,,,,,,,
Yi-34B-200K,01-ai/Yi-34B-200K,Yi,01.AI,34B,open,9.0,9.0,25.85,,,,,,,,,,,,,,,
Yi-34B-Chat,01-ai/Yi-34B-Chat,Yi,01.AI,34B,open,9.0,12.0,38.41,,,,,,,,,,,,,,,
Yi-6B,01-ai/Yi-6B,Yi,01.AI,6B,open,9.0,12.0,34.48,,,,,,,,,,,,,,,
Yi-6B-200K,01-ai/Yi-6B-200K,Yi,01.AI,6B,open,9.0,12.0,34.0,,,,,,,,,,,,,,,
Yi-6B-Chat,01-ai/Yi-6B-Chat,Yi,01.AI,6B,open,6.0,6.0,0.29,,,,,,,,,,,,,,,
Yi-9B,01-ai/Yi-9B,Yi,01.AI,9B,open,9.0,9.0,24.38,,,,,,,,,,,,,,,
Yi-9B-200K,01-ai/Yi-9B-200K,Yi,01.AI,9B,open,9.0,9.0,23.89,,,,,,,,,,,,,,,
Yi-Coder-9B-Chat,01-ai/Yi-Coder-9B-Chat,Yi,01.AI,9B,open,6.0,6.0,0.32,,,,,,,,,,,,,,,
aya-23-35B,CohereForAI/aya-23-35B,Aya,Cohere,35B,open,6.0,6.0,0.38,,,,,,,,,,,,,,,
aya-23-8B,CohereForAI/aya-23-8B,Aya,Cohere,8B,open,6.0,6.0,0.3,,,,,,,,,,,,,,,
aya-expanse-32b,CohereForAI/aya-expanse-32b,Aya,Cohere,32B,open,6.0,6.0,0.43,,,,,,,,,,,,,,,
aya-expanse-8b,CohereForAI/aya-expanse-8b,Aya,Cohere,8B,open,6.0,6.0,0.37,,,,,,,,,,,,,,,
c4ai-command-r-plus,CohereForAI/c4ai-command-r-plus,Command R,Cohere,,open,6.0,6.0,0.44,,,,,,,,,,,,,,,
c4ai-command-r-plus-08-2024,CohereForAI/c4ai-command-r-plus-08-2024,Command R,Cohere,,open,6.0,6.0,0.46,,,,,,,,,,,,,,,
c4ai-command-r-v01,CohereForAI/c4ai-command-r-v01,Command R,Cohere,,open,6.0,6.0,0.39,,,,,,,,,,,,,,,
c4ai-command-r7b-12-2024,CohereForAI/c4ai-command-r7b-12-2024,Command R,Cohere,7B,open,6.0,6.0,0.45,,,,,,,,,,,,,,,
DeciLM-7B,Deci/DeciLM-7B,Deci/decilm,,7B,open,6.0,6.0,0.29,,,,,,,,,,,,,,,
DeciLM-7B-instruct,Deci/DeciLM-7B-instruct,Deci/decilm,,7B,open,6.0,6.0,0.32,,,,,,,,,,,,,,,
Grok-4-0709,Grok-4-0709,Grok,xAI,,closed,1.0,1.0,1443.0,,,,,,,,,,,,,,,
Grok-3-Preview-02-24,Grok-3-Preview-02-24,Grok,xAI,,closed,1.0,1.0,1423.0,,,,,,,,,,,,,,,
DeepSeek-V3-0324,DeepSeek-V3-0324,deepseek,DeepSeek,,open,1.0,1.0,1382.0,closed,,,,,,,,,,,,,,
Hunyuan-Turbos-20250416,Hunyuan-Turbos-20250416,Hunyuan,,,closed,1.0,1.0,1378.0,,,,,,,,,,,,,,,
kimi-k2-0711-preview,kimi-k2-0711-preview,Moonshot,Moonshot AI,,open,1.0,1.0,1374.0,,,,,,,,,,,,,,,
Mistral Medium 3,Mistral Medium 3,mistral,Mistral AI,,closed,1.0,1.0,1372.0,open,,,,,,,,,,,,,,
Grok-3-mini,Grok-3-mini-high,Grok,xAI,,closed,1.0,1.0,1361.0,,,,,,,,,,,,,,,
Grok-3-Mini-beta,Grok-3-Mini-beta,Grok,xAI,,closed,1.0,1.0,1357.0,,,,,,,,,,,,,,,
Qwen-Plus-0125,Qwen-Plus-0125,qwen,Alibaba Cloud,,closed,1.0,1.0,1325.0,open,,,,,,,,,,,,,,
Gemini-2.0-Flash-Lite,Gemini-2.0-Flash-Lite,gemini,Google,,closed,1.0,1.0,1328.0,closed,,,,,,,,,,,,,,
Command A,Command A (03-2025),Command A,Cohere,,open,1.0,1.0,1327.0,,,,,,,,,,,,,,,
GLM-4-Plus-0111,GLM-4-Plus-0111,GLM-4,Zhipu AI,,closed,1.0,1.0,1326.0,,,,,,,,,,,,,,,
Amazon-Nova-Experimental-Chat-05-14,Amazon-Nova-Experimental-Chat-05-14,Amazon,,,closed,1.0,1.0,1325.0,,,,,,,,,,,,,,,
Hunyuan-TurboS-20250226,Hunyuan-TurboS-20250226,Hunyuan,,,closed,1.0,1.0,1318.0,,,,,,,,,,,,,,,
Hunyuan-Turbo-0110,Hunyuan-Turbo-0110,Hunyuan,,,closed,1.0,1.0,1311.0,,,,,,,,,,,,,,,
Gemma-3n-e4b-it,Gemma-3n-e4b-it,Gemma,Google,4B,open,1.0,1.0,1305.0,,,,,,,,,,,,,,,
Grok-2-08-13,Grok-2-08-13,Grok,xAI,,closed,1.0,1.0,1303.0,,,,,,,,,,,,,,,
Yi-Lightning,Yi-Lightning,Yi,01.AI,,closed,1.0,1.0,1302.0,,,,,,,,,,,,,,,
Qwen2.5-plus-1127,Qwen2.5-plus-1127,qwen2.5,Alibaba Cloud,,closed,1.0,1.0,1297.0,open,,,,,,,,,,,,,,
Hunyuan-Large-2025-02-10,Hunyuan-Large-2025-02-10,Hunyuan,,,closed,1.0,1.0,1287.0,,,,,,,,,,,,,,,
Athene-v2-Chat-72B,Athene-v2-Chat-72B,Athene,Nexusflow,72B,open,1.0,1.0,1290.0,,,,,,,,,,,,,,,
GLM-4-Plus,GLM-4-Plus,GLM-4,Zhipu AI,,closed,1.0,1.0,1289.0,,,,,,,,,,,,,,,
Llama-3.1-Nemotron-70B-Instruct,Llama-3.1-Nemotron-70B-Instruct,llama,Nvidia,70B,open,1.0,1.0,1284.0,open,,,,,,,,,,,,,,
Gemini Advanced App,Gemini Advanced App (2024-05-14),gemini,Google,,closed,1.0,1.0,1282.0,closed,,,,,,,,,,,,,,
Grok-2-Mini-08-13,Grok-2-Mini-08-13,Grok,xAI,,closed,1.0,1.0,1281.0,,,,,,,,,,,,,,,
Hunyuan-Standard-2025-02-10,Hunyuan-Standard-2025-02-10,Hunyuan,,,closed,1.0,1.0,1276.0,,,,,,,,,,,,,,,
Qwen-Max-0919,Qwen-Max-0919,qwen,Alibaba Cloud,,open,1.0,1.0,1278.0,open,,,,,,,,,,,,,,
Mistral-Small-3.1-24B-Instruct-2503,Mistral-Small-3.1-24B-Instruct-2503,mistral,Mistral AI,24B,open,1.0,1.0,1268.0,open,,,,,,,,,,,,,,
Athene-70B,Athene-70B,Athene,Nexusflow,70B,open,1.0,1.0,1265.0,,,,,,,,,,,,,,,
Amazon Nova Pro 1.0,Amazon Nova Pro 1.0,Amazon,,,closed,1.0,1.0,1260.0,,,,,,,,,,,,,,,
Hunyuan-Large-Vision,Hunyuan-Large-Vision,Hunyuan,,,closed,1.0,1.0,1255.0,,,,,,,,,,,,,,,
Reka-Core-20240904,Reka-Core-20240904,Reka,,,closed,1.0,1.0,1250.0,,,,,,,,,,,,,,,
Mistral-Small-24B-Instruct-2501,Mistral-Small-24B-Instruct-2501,mistral,Mistral AI,24B,open,1.0,1.0,1233.0,open,,,,,,,,,,,,,,
Amazon Nova Lite 1.0,Amazon Nova Lite 1.0,Amazon,,,closed,1.0,1.0,1232.0,,,,,,,,,,,,,,,
Gemma-2-9B-it-SimPO,Gemma-2-9B-it-SimPO,Gemma 2,Google,9B,open,1.0,1.0,1231.0,,,,,,,,,,,,,,,
Llama-3.1-Nemotron-51B-Instruct,Llama-3.1-Nemotron-51B-Instruct,llama,Nvidia,51B,open,1.0,1.0,1227.0,open,,,,,,,,,,,,,,
OLMo-2-0325-32B-Instruct,OLMo-2-0325-32B-Instruct,OLMo 2,AllenAI,32B,open,1.0,1.0,1222.0,,,,,,,,,,,,,,,
Gemini-1.5-Flash-8B-001,Gemini-1.5-Flash-8B-001,gemini,Google,8B,closed,1.0,1.0,1228.0,closed,,,,,,,,,,,,,,
Nemotron-4-340B-Instruct,Nemotron-4-340B-Instruct,Nemotron,Nvidia,340B,open,1.0,1.0,1224.0,,,,,,,,,,,,,,,
Reka-Flash-20240904,Reka-Flash-20240904,Reka,,,closed,1.0,1.0,1221.0,,,,,,,,,,,,,,,
Amazon Nova Micro 1.0,Amazon Nova Micro 1.0,Amazon,,,closed,1.0,1.0,1213.0,,,,,,,,,,,,,,,
Hunyuan-Standard-256K,Hunyuan-Standard-256K,Hunyuan,,,closed,1.0,1.0,1204.0,,,,,,,,,,,,,,,
Ministral-8B-2410,Ministral-8B-2410,Ministral,Mistral AI,8B,open,1.0,1.0,1197.0,,,,,,,,,,,,,,,
DeepSeek-Coder-V2-Instruct,DeepSeek-Coder-V2-Instruct,deepseek,DeepSeek,,open,1.0,1.0,1193.0,closed,,,,,,,,,,,,,,
Reka-Flash-21B-online,Reka-Flash-21B-online,Reka,,21B,closed,1.0,1.0,1171.0,,,,,,,,,,,,,,,
Mistral,Mistral Medium,mistral,Mistral AI,,closed,1.0,1.0,1163.0,open,,,,,,,,,,,,,,
Reka-Flash-21B,Reka-Flash-21B,Reka,,21B,closed,1.0,1.0,1162.0,,,,,,,,,,,,,,,
Starling-LM-7B-beta,Starling-LM-7B-beta,Starling,UC Berkeley,7B,open,1.0,1.0,1134.0,,,,,,,,,,,,,,,
DBRX-Instruct-Preview,DBRX-Instruct-Preview,DBRX,Databricks,,open,1.0,1.0,1118.0,,,,,,,,,,,,,,,
Tulu-2-DPO-70B,Tulu-2-DPO-70B,Tulu,AllenAI,70B,open,1.0,1.0,1114.0,,,,,,,,,,,,,,,
Snowflake Arctic Instruct,Snowflake Arctic Instruct,Snowflake,,,open,1.0,1.0,1105.0,,,,,,,,,,,,,,,
NV-Llama2-70B-SteerLM-Chat,NV-Llama2-70B-SteerLM-Chat,nv,Meta,70B,open,1.0,1.0,1096.0,open,,,,,,,,,,,,,,
Phi-3-Mini-4K-Instruct-June-24,Phi-3-Mini-4K-Instruct-June-24,Phi-3,Microsoft,,open,1.0,1.0,1086.0,,,,,,,,,,,,,,,
Dolphin-2.2.1-Mistral-7B,Dolphin-2.2.1-Mistral-7B,dolphin,Mistral AI,7B,open,1.0,1.0,1078.0,open,,,,,,,,,,,,,,
MPT-30B-chat,MPT-30B-chat,MPT,MosaicML,30B,open,1.0,1.0,1061.0,,,,,,,,,,,,,,,
CodeLlama-70B-instruct,CodeLlama-70B-instruct,codellama,Meta,70B,open,1.0,1.0,1056.0,open,,,,,,,,,,,,,,
falcon-180b-chat,falcon-180b-chat,Falcon,TII,180B,open,1.0,1.0,1049.0,,,,,,,,,,,,,,,
Llama-2-7B-chat,Llama-2-7B-chat,llama,Meta,7B,open,1.0,1.0,1052.0,open,,,,,,,,,,,,,,
Guanaco-33B,Guanaco-33B,Guanaco,UW,33B,open,1.0,1.0,1048.0,,,,,,,,,,,,,,,
StripedHyena-Nous-7B,StripedHyena-Nous-7B,Stripedhyena,,7B,open,1.0,1.0,1032.0,,,,,,,,,,,,,,,
OLMo-7B-instruct,OLMo-7B-instruct,OLMo,AllenAI,7B,open,1.0,1.0,1030.0,,,,,,,,,,,,,,,
PaLM-Chat-Bison-001,PaLM-Chat-Bison-001,Palm,,,closed,1.0,1.0,1018.0,,,,,,,,,,,,,,,
Koala-13B,Koala-13B,Koala,UC Berkeley,13B,open,1.0,1.0,979.0,,,,,,,,,,,,,,,
GPT4All-13B-Snoozy,GPT4All-13B-Snoozy,gpt4all,OpenAI,13B,open,1.0,1.0,947.0,closed,,,,,,,,,,,,,,
RWKV-4-Raven-14B,RWKV-4-Raven-14B,RWKV,RWKV,14B,open,1.0,1.0,937.0,,,,,,,,,,,,,,,
Alpaca-13B,Alpaca-13B,Alpaca,Stanford,13B,open,1.0,1.0,916.0,,,,,,,,,,,,,,,
OpenAssistant-Pythia-12B,OpenAssistant-Pythia-12B,Openassistant,,12B,open,1.0,1.0,908.0,,,,,,,,,,,,,,,
ChatGLM-6B,ChatGLM-6B,ChatGLM,Zhipu AI,6B,open,1.0,1.0,894.0,,,,,,,,,,,,,,,
FastChat-T5-3B,FastChat-T5-3B,Fastchat,,3B,open,1.0,1.0,883.0,,,,,,,,,,,,,,,
GPT-5.2 Codex,GPT-5.2 Codex,gpt,OpenAI,,closed,1.0,1.0,74.3,closed,,,,,,,,,,,,,,
GPT-5.1 Codex Max,GPT-5.1 Codex Max High,gpt,OpenAI,,closed,1.0,1.0,73.98,closed,,,,,,,,,,,,,,
GPT-5.3 Codex,GPT-5.3 Codex High,gpt,OpenAI,,closed,1.0,1.0,72.76,closed,,,,,,,,,,,,,,
GPT-5 Pro,GPT-5 Pro,gpt,OpenAI,,closed,1.0,1.0,70.48,closed,,,,,,,,,,,,,,
GLM 5.1,GLM 5.1,GLM,Zhipu AI,,open,1.0,1.0,70.18,,,,,,,,,,,,,,,
GPT-5.4 Nano,GPT-5.4 Nano xHigh,gpt,OpenAI,,closed,1.0,1.0,70.13,closed,,,,,,,,,,,,,,
GPT-5.1 Codex,GPT-5.1 Codex,gpt,OpenAI,,closed,1.0,1.0,68.61,closed,,,,,,,,,,,,,,
Grok 4.20 Beta,Grok 4.20 Beta,Grok,xAI,,closed,1.0,1.0,67.96,,,,,,,,,,,,,,,
GPT-5.4 Mini,GPT-5.4 Mini xHigh,gpt,OpenAI,,closed,1.0,1.0,67.54,closed,,,,,,,,,,,,,,
GPT-5 Mini,GPT-5 Mini High,gpt,OpenAI,,closed,1.0,1.0,65.91,closed,,,,,,,,,,,,,,
Minimax M2.7,Minimax M2.7,MiniMax,MiniMax,,open,1.0,1.0,63.49,,,,,,,,,,,,,,,
DeepSeek V3.2,DeepSeek V3.2 Thinking,deepseek,DeepSeek,,open,1.0,1.0,62.2,closed,,,,,,,,,,,,,,
Grok 4,Grok 4,Grok,xAI,,closed,1.0,1.0,62.02,,,,,,,,,,,,,,,
Kimi K2,Kimi K2 Thinking,Moonshot,Moonshot AI,,closed,1.0,1.0,61.59,,,,,,,,,,,,,,,
GPT-5.1 Codex Mini,GPT-5.1 Codex Mini,gpt,OpenAI,,closed,1.0,1.0,60.38,closed,,,,,,,,,,,,,,
Minimax M2.5,Minimax M2.5,MiniMax,MiniMax,,open,1.0,1.0,60.14,,,,,,,,,,,,,,,
GPT-5.3 Instant,GPT-5.3 Instant,gpt,OpenAI,,closed,1.0,1.0,59.99,closed,,,,,,,,,,,,,,
Grok 4.1 Fast,Grok 4.1 Fast,Grok,xAI,,closed,1.0,1.0,59.99,,,,,,,,,,,,,,,
GLM 4.7,GLM 4.7,GLM,Zhipu AI,,open,1.0,1.0,58.09,,,,,,,,,,,,,,,
GLM 5V Turbo,GLM 5V Turbo,GLM,Zhipu AI,,open,1.0,1.0,49.62,,,,,,,,,,,,,,,
GPT-5.2 No,GPT-5.2 No Thinking,gpt,OpenAI,,closed,1.0,1.0,48.91,closed,,,,,,,,,,,,,,
GPT-5 Nano,GPT-5 Nano High,gpt,OpenAI,,closed,1.0,1.0,48.62,closed,,,,,,,,,,,,,,
Grok Code Fast,Grok Code Fast,Grok,xAI,,closed,1.0,1.0,45.13,,,,,,,,,,,,,,,
GPT-5.1 No,GPT-5.1 No Thinking,gpt,OpenAI,,closed,1.0,1.0,42.65,closed,,,,,,,,,,,,,,
GLM 4.6V,GLM 4.6V,GLM,Zhipu AI,,open,1.0,1.0,40.07,,,,,,,,,,,,,,,
Nemotron 3 Super 120B A12B,Nemotron 3 Super 120B A12B,Nemotron,Nvidia,120B,open,1.0,1.0,32.51,,,,,,,,,,,,,,,
codetulu-2-34b,codetulu-2-34b,Tulu,AllenAI,34B,open,1.0,1.0,49.3,,,,,,,,,,,,,,,
phind,phind,Phind,Phind,,open,1.0,1.0,47.2,,,,,,,,,,,,,,,
deepseek-base-33b,deepseek-base-33b,deepseek,DeepSeek,33B,open,1.0,1.0,46.5,closed,,,,,,,,,,,,,,
deepseek-instruct-33b,deepseek-instruct-33b,deepseek,DeepSeek,33B,open,1.0,1.0,46.5,closed,,,,,,,,,,,,,,
codellama-python-34b,codellama-python-34b,codellama,Meta,34B,open,1.0,1.0,43.9,open,,,,,,,,,,,,,,
wizard-34b,wizard-34b,WizardLM,Microsoft,34B,open,1.0,1.0,42.7,,,,,,,,,,,,,,,
codellama-13b,codellama-13b,codellama,Meta,13B,open,1.0,1.0,42.5,open,,,,,,,,,,,,,,
deepseek-base-6.7b,deepseek-base-6.7b,deepseek,DeepSeek,6.7B,open,1.0,1.0,41.9,closed,,,,,,,,,,,,,,
magicoder-ds-6.7b,magicoder-ds-6.7b,Magicoder,ISE UIUC,6.7B,open,1.0,1.0,41.7,,,,,,,,,,,,,,,
codellama-python-13b,codellama-python-13b,codellama,Meta,13B,open,1.0,1.0,39.7,open,,,,,,,,,,,,,,
deepseek-instruct-6.7b,deepseek-instruct-6.7b,deepseek,DeepSeek,6.7B,open,1.0,1.0,37.4,closed,,,,,,,,,,,,,,
codellama-python-7b,codellama-python-7b,codellama,Meta,7B,open,1.0,1.0,37.3,open,,,,,,,,,,,,,,
wizard-13b,wizard-13b,WizardLM,Microsoft,13B,open,1.0,1.0,36.5,,,,,,,,,,,,,,,
codellama-7b,codellama-7b,codellama,Meta,7B,open,1.0,1.0,35.9,open,,,,,,,,,,,,,,
starcoderbase-16b,starcoderbase-16b,StarCoder Base,BigCode,16B,open,1.0,1.0,31.3,,,,,,,,,,,,,,,
deepseek-base-1.3b,deepseek-base-1.3b,deepseek,DeepSeek,1.3B,open,1.0,1.0,27.8,closed,,,,,,,,,,,,,,
deepseek-instruct-1.3b,deepseek-instruct-1.3b,deepseek,DeepSeek,1.3B,open,1.0,1.0,27.2,closed,,,,,,,,,,,,,,
phi-1.5,phi-1.5,Phi-2,Microsoft,,open,1.0,1.0,23.2,,,,,,,,,,,,,,,
llama2-chat-7b,Llama2-Chat-7B,llama2,,,,,,,open,,,,,,,,,,,,,,
qwen-chat-14b,Qwen-Chat-14B,qwen,,,,,,,open,,,,,,,,,,,,,,
llama-2-13b-base,Llama-2-13b-base,llama,,,,,,,open,,,,,,,,,,,,,,
chatglm3-66b,ChatGLM3-66B,chatglm,,,,,,,,,,,,,,,,,,,,,
yi-chat-6b,Yi-Chat-6B,yi,,,,,,,,,,,,,,,,,,,,,
baichuan2-chat-53b,Baichuan2-Chat-53B,baichuan-2,,,,,,,,,,,,,,,,,,,,,
baichuan2-chat-13b,Baichuan2-Chat-13B,baichuan-2,,,,,,,,,,,,,,,,,,,,,
baichuan2-chat-7b,Baichuan2-Chat-7B,baichuan-2,,,,,,,,,,,,,,,,,,,,,
qwen-chat-7b,Qwen-Chat-7B,qwen,,,,,,,open,,,,,,,,,,,,,,
llama2-chat-13b,Llama2-Chat-13B,llama2,,,,,,,open,,,,,,,,,,,,,,
qwen,qwen,qwen,,,,,,,open,,,,,,,,,,,,,,
gemini,gemini,gemini,,,,,,,closed,,,,,,,,,,,,,,
deepseek,deepseek,deepseek,,,,,,,open,,,,,,,,,,,,,,
claude,claude,claude,,,,,,,closed,,,,,,,,,,,,,,
mistral-large-instruct,Mistral-large-Instruct,mistral,,,,,,,open,,,,,,,,,,,,,,
qwen-plus,Qwen Plus,qwen,,,,,,,open,,,,,,,,,,,,,,
deepseek-chat,deepseek-chat,deepseek,,,,,,,closed,,,,,,,,,,,,,,
higgs-llama,higgs-llama,higgs,,,,,,,open,,,,,,,,,,,,,,
deepseek-r1-zero,DeepSeek-R1-Zero,DeepSeek-V3,DeepSeek,671B,MoE,,,,open-weights,,,,,,,,,,,,,,
olmo-2-1124-13b-instruct,OLMo-2-1124-13B-Instruct,OLMo-2,AllenAI,13B,Dense,,,,open-weights,,,,,,,,,,,,,,
Qwen-2.5-VL,Qwen-2.5-VL,,,,,,,,open,,,,,2025.0,,,,,,,,,
InternVL,InternVL,,,,,,,,open,,,,,2025.0,,,,,,,,,
PaLM-2-Bison,PaLM-2-Bison,,,,,,,,Unknown,,,,,,,,Unknown,,,,,,
doubao-seed-1.6,Doubao Seed 1.6,Doubao,,,,,,,,,,proprietary,,,,,ByteDance,2024,transformer,32000.0,proprietary,https://www.volcengine.com/docs/82379/1099320,
doubao-1.5-pro-character,Doubao 1.5 Pro Character,Doubao,,,,,,,,,,proprietary,,,,,ByteDance,2024,transformer,32000.0,proprietary,https://www.volcengine.com/docs/82379/1099320,
Llama-3.2-Vision-Inst,Llama 3.2 Vision Instruct,Llama3.2,,,,,,,,11B,,open,,,,,Meta,2024,transformer-vision,128000.0,Llama,,
phi-4,microsoft/phi-4,,,,,,,,unknown,,,,,,,,,,,,,,
phi-3.5-moe-instruct,microsoft/phi-3.5-moe-instruct,,,,,,,,unknown,,,,,,,,,,,,,,
phi-3.5-mini-instruct,microsoft/phi-3.5-mini-instruct,,,,,,,,unknown,,,,,,,,,,,,,,
gemma2-2b,google/gemma2-2b,,,,,,,,unknown,,,,,,,,,,,,,,
mistral-7b-v0.1,mistral-ai/mistral-7b-v0.1,,,,,,,,unknown,,,,,,,,,,,,,,
gemma-2-27b-it,google/gemma-2-27b-it,,,,,,,,unknown,,,,,,,,,,,,,,
mixtral-8x22b-instruct-v0.1,mistral-ai/mixtral-8x22b-instruct-v0.1,,,,,,,,unknown,,,,,,,,,,,,,,
mixtral-8x7b-instruct-v0.1,mistral-ai/mixtral-8x7b-instruct-v0.1,,,,,,,,unknown,,,,,,,,,,,,,,
gemma-1.1-7b-it,google/gemma-1.1-7b-it,,,,,,,,unknown,,,,,,,,,,,,,,
gemma-7b-it,google/gemma-7b-it,,,,,,,,unknown,,,,,,,,,,,,,,
gemma-1.1-2b-it,google/gemma-1.1-2b-it,,,,,,,,unknown,,,,,,,,,,,,,,
gemma-2b-it,google/gemma-2b-it,,,,,,,,unknown,,,,,,,,,,,,,,
Qwen1.5-110B-Chat,Qwen/Qwen1.5-110B-Chat,,,,,,,,unknown,,,,,,,,,,,,,,
Qwen1.5-72B-Chat,Qwen/Qwen1.5-72B-Chat,,,,,,,,unknown,,,,,,,,,,,,,,
Qwen1.5-32B-Chat,Qwen/Qwen1.5-32B-Chat,,,,,,,,unknown,,,,,,,,,,,,,,
Meta-Llama-3-70B-Instruct,meta-llama/Meta-Llama-3-70B-Instruct,,,,,,,,unknown,,,,,,,,,,,,,,
Qwen2.5-32B-Instruct,Qwen/Qwen2.5-32B-Instruct,,,,,,,,unknown,,,,,,,,,,,,,,
granite-3.0-8b-instruct,ibm-granite/granite-3.0-8b-instruct,,,,,,,,unknown,,,,,,,,,,,,,,
granite-3.0-2b-instruct,ibm-granite/granite-3.0-2b-instruct,,,,,,,,unknown,,,,,,,,,,,,,,
Qwen2.5-Coder-32B-Instruct,Qwen/Qwen2.5-Coder-32B-Instruct,,,,,,,,unknown,,,,,,,,,,,,,,
DeepSeek-R1-Distill-Llama-70B,deepseek-ai/DeepSeek-R1-Distill-Llama-70B,,,,,,,,unknown,,,,,,,,,,,,,,
DeepSeek-R1-Distill-Llama-8B,deepseek-ai/DeepSeek-R1-Distill-Llama-8B,,,,,,,,unknown,,,,,,,,,,,,,,
QwQ-32B-Preview,Qwen/QwQ-32B-Preview,,,,,,,,unknown,,,,,,,,,,,,,,
14B,CausalLM/14B,,CausalLM,,,,,,open,,,,,,,,,,,,,,
34b-beta,CausalLM/34b-beta,,CausalLM,,,,,,open,,,,,,,,,,,,,,
preview-1-hf,CausalLM/preview-1-hf,,CausalLM,,,,,,open,,,,,,,,,,,,,,
Claude 4,Claude 4,claude,Anthropic,,,,,,closed,,,,,,,,,,,,,,
Claude-3 Family,Claude-3 Family,claude,Anthropic,,,,,,closed,,,,,,,,,,,,,,
DeciCoder-1b,Deci/DeciCoder-1b,,Deci AI,,,,,,open,,,,,,,,,,,,,,
gpt-j-6b,EleutherAI/gpt-j-6b,,EleutherAI,,,,,,open,,,,,,,,,,,,,,
gpt-neo-1.3B,EleutherAI/gpt-neo-1.3B,,EleutherAI,,,,,,open,,,,,,,,,,,,,,
gpt-neo-125m,EleutherAI/gpt-neo-125m,,EleutherAI,,,,,,open,,,,,,,,,,,,,,
gpt-neo-2.7B,EleutherAI/gpt-neo-2.7B,,EleutherAI,,,,,,open,,,,,,,,,,,,,,
gpt-neox-20b,EleutherAI/gpt-neox-20b,,EleutherAI,,,,,,open,,,,,,,,,,,,,,
llemma_34b,EleutherAI/llemma_34b,,EleutherAI,,,,,,open,,,,,,,,,,,,,,
llemma_7b,EleutherAI/llemma_7b,,EleutherAI,,,,,,open,,,,,,,,,,,,,,
polyglot-ko-12.8b,EleutherAI/polyglot-ko-12.8b,,EleutherAI,,,,,,open,,,,,,,,,,,,,,
pythia-1.3b,EleutherAI/pythia-1.3b,,EleutherAI,,,,,,open,,,,,,,,,,,,,,
pythia-1.4b,EleutherAI/pythia-1.4b,,EleutherAI,,,,,,open,,,,,,,,,,,,,,
pythia-1.4b-deduped,EleutherAI/pythia-1.4b-deduped,,EleutherAI,,,,,,open,,,,,,,,,,,,,,
pythia-12b,EleutherAI/pythia-12b,,EleutherAI,,,,,,open,,,,,,,,,,,,,,
pythia-12b-deduped,EleutherAI/pythia-12b-deduped,,EleutherAI,,,,,,open,,,,,,,,,,,,,,
pythia-160m,EleutherAI/pythia-160m,,EleutherAI,,,,,,open,,,,,,,,,,,,,,
pythia-160m-deduped,EleutherAI/pythia-160m-deduped,,EleutherAI,,,,,,open,,,,,,,,,,,,,,
pythia-1b,EleutherAI/pythia-1b,,EleutherAI,,,,,,open,,,,,,,,,,,,,,
pythia-1b-deduped,EleutherAI/pythia-1b-deduped,,EleutherAI,,,,,,open,,,,,,,,,,,,,,
pythia-2.7b,EleutherAI/pythia-2.7b,,EleutherAI,,,,,,open,,,,,,,,,,,,,,
pythia-2.8b,EleutherAI/pythia-2.8b,,EleutherAI,,,,,,open,,,,,,,,,,,,,,
pythia-2.8b-deduped,EleutherAI/pythia-2.8b-deduped,,EleutherAI,,,,,,open,,,,,,,,,,,,,,
pythia-410m,EleutherAI/pythia-410m,,EleutherAI,,,,,,open,,,,,,,,,,,,,,
pythia-410m-deduped,EleutherAI/pythia-410m-deduped,,EleutherAI,,,,,,open,,,,,,,,,,,,,,
pythia-6.7b,EleutherAI/pythia-6.7b,,EleutherAI,,,,,,open,,,,,,,,,,,,,,
pythia-6.9b,EleutherAI/pythia-6.9b,,EleutherAI,,,,,,open,,,,,,,,,,,,,,
pythia-6.9b-deduped,EleutherAI/pythia-6.9b-deduped,,EleutherAI,,,,,,open,,,,,,,,,,,,,,
pythia-70m,EleutherAI/pythia-70m,,EleutherAI,,,,,,open,,,,,,,,,,,,,,
pythia-70m-deduped,EleutherAI/pythia-70m-deduped,,EleutherAI,,,,,,open,,,,,,,,,,,,,,
AceGPT-7B,FreedomIntelligence/AceGPT-7B,,FreedomIntelligence,,,,,,open,,,,,,,,,,,,,,
phoenix-inst-chat-7b,FreedomIntelligence/phoenix-inst-chat-7b,,FreedomIntelligence,,,,,,open,,,,,,,,,,,,,,
Gemini 1.5 Family,Gemini 1.5 Family,gemini,Google,,,,,,closed,,,,,,,,,,,,,,
mistral-7b-grok,HuggingFaceH4/mistral-7b-grok,,Hugging Face,,,,,,open,,,,,,,,,,,,,,
mistral-7b-sft-beta,HuggingFaceH4/mistral-7b-sft-beta,,Hugging Face,,,,,,open,,,,,,,,,,,,,,
starchat-alpha,HuggingFaceH4/starchat-alpha,,Hugging Face,,,,,,open,,,,,,,,,,,,,,
starchat-beta,HuggingFaceH4/starchat-beta,,Hugging Face,,,,,,open,,,,,,,,,,,,,,
zephyr-7b-alpha,HuggingFaceH4/zephyr-7b-alpha,,Hugging Face,,,,,,open,,,,,,,,,,,,,,
zephyr-7b-beta,HuggingFaceH4/zephyr-7b-beta,,Hugging Face,,,,,,open,,,,,,,,,,,,,,
zephyr-7b-gemma-v0.1,HuggingFaceH4/zephyr-7b-gemma-v0.1,,Hugging Face,,,,,,open,,,,,,,,,,,,,,
zephyr-orpo-141b-A35b-v0.1,HuggingFaceH4/zephyr-orpo-141b-A35b-v0.1,,Hugging Face,,,,,,open,,,,,,,,,,,,,,
SmolLM-1.7B,HuggingFaceTB/SmolLM-1.7B,,Hugging Face,,,,,,open,,,,,,,,,,,,,,
SmolLM-1.7B-Instruct,HuggingFaceTB/SmolLM-1.7B-Instruct,,Hugging Face,,,,,,open,,,,,,,,,,,,,,
SmolLM-135M,HuggingFaceTB/SmolLM-135M,,Hugging Face,,,,,,open,,,,,,,,,,,,,,
SmolLM-135M-Instruct,HuggingFaceTB/SmolLM-135M-Instruct,,Hugging Face,,,,,,open,,,,,,,,,,,,,,
SmolLM-360M,HuggingFaceTB/SmolLM-360M,,Hugging Face,,,,,,open,,,,,,,,,,,,,,
SmolLM-360M-Instruct,HuggingFaceTB/SmolLM-360M-Instruct,,Hugging Face,,,,,,open,,,,,,,,,,,,,,
SmolLM2-1.7B,HuggingFaceTB/SmolLM2-1.7B,,Hugging Face,,,,,,open,,,,,,,,,,,,,,
SmolLM2-1.7B-Instruct,HuggingFaceTB/SmolLM2-1.7B-Instruct,,Hugging Face,,,,,,open,,,,,,,,,,,,,,
SmolLM2-135M,HuggingFaceTB/SmolLM2-135M,,Hugging Face,,,,,,open,,,,,,,,,,,,,,
SmolLM2-135M-Instruct,HuggingFaceTB/SmolLM2-135M-Instruct,,Hugging Face,,,,,,open,,,,,,,,,,,,,,
SmolLM2-360M,HuggingFaceTB/SmolLM2-360M,,Hugging Face,,,,,,open,,,,,,,,,,,,,,
SmolLM2-360M-Instruct,HuggingFaceTB/SmolLM2-360M-Instruct,,Hugging Face,,,,,,open,,,,,,,,,,,,,,
Ziya-LLaMA-13B-v1,IDEA-CCNL/Ziya-LLaMA-13B-v1,,IDEA Research,,,,,,open,,,,,,,,,,,,,,
neural-chat-7b-v3,Intel/neural-chat-7b-v3,,Intel,,,,,,open,,,,,,,,,,,,,,
neural-chat-7b-v3-1,Intel/neural-chat-7b-v3-1,,Intel,,,,,,open,,,,,,,,,,,,,,
neural-chat-7b-v3-2,Intel/neural-chat-7b-v3-2,,Intel,,,,,,open,,,,,,,,,,,,,,
neural-chat-7b-v3-3,Intel/neural-chat-7b-v3-3,,Intel,,,,,,open,,,,,,,,,,,,,,
neural-chat-7b-v3-3-Slerp,Intel/neural-chat-7b-v3-3-Slerp,,Intel,,,,,,open,,,,,,,,,,,,,,
Amber,LLM360/Amber,,LLM360,,,,,,open,,,,,,,,,,,,,,
AmberChat,LLM360/AmberChat,,LLM360,,,,,,open,,,,,,,,,,,,,,
K2,LLM360/K2,,LLM360,,,,,,open,,,,,,,,,,,,,,
K2-Chat,LLM360/K2-Chat,,LLM360,,,,,,open,,,,,,,,,,,,,,
LLaVA,LLaVA,llava,Unknown,,,,,,open,,,,,,,,,,,,,,
MiMo-V2-Flash,MiMo-V2-Flash,mimo,Xiaomi,,,,,,closed,,,,,,,,,,,,,,
NexusRaven-V2-13B,Nexusflow/NexusRaven-V2-13B,,Nexusflow,,,,,,open,,,,,,,,,,,,,,
Capybara-7B,NousResearch/Capybara-7B,,Nous Research,,,,,,open,,,,,,,,,,,,,,
CodeLlama-13b-hf,NousResearch/CodeLlama-13b-hf,,Nous Research,,,,,,open,,,,,,,,,,,,,,
CodeLlama-34b-hf,NousResearch/CodeLlama-34b-hf,,Nous Research,,,,,,open,,,,,,,,,,,,,,
CodeLlama-7b-hf,NousResearch/CodeLlama-7b-hf,,Nous Research,,,,,,open,,,,,,,,,,,,,,
DeepHermes-3-Mistral-24B-Preview,NousResearch/DeepHermes-3-Mistral-24B-Preview,,Nous Research,,,,,,open,,,,,,,,,,,,,,
Hermes-2-Pro-Llama-3-8B,NousResearch/Hermes-2-Pro-Llama-3-8B,,Nous Research,,,,,,open,,,,,,,,,,,,,,
Hermes-2-Pro-Mistral-7B,NousResearch/Hermes-2-Pro-Mistral-7B,,Nous Research,,,,,,open,,,,,,,,,,,,,,
Hermes-2-Theta-Llama-3-8B,NousResearch/Hermes-2-Theta-Llama-3-8B,,Nous Research,,,,,,open,,,,,,,,,,,,,,
Hermes-3-Llama-3.1-70B,NousResearch/Hermes-3-Llama-3.1-70B,,Nous Research,,,,,,open,,,,,,,,,,,,,,
Hermes-3-Llama-3.1-8B,NousResearch/Hermes-3-Llama-3.1-8B,,Nous Research,,,,,,open,,,,,,,,,,,,,,
Hermes-3-Llama-3.2-3B,NousResearch/Hermes-3-Llama-3.2-3B,,Nous Research,,,,,,open,,,,,,,,,,,,,,
Nous-Capybara-7B,NousResearch/Nous-Capybara-7B,,Nous Research,,,,,,open,,,,,,,,,,,,,,
Nous-Hermes-13b,NousResearch/Nous-Hermes-13b,,Nous Research,,,,,,open,,,,,,,,,,,,,,
Nous-Hermes-2-Mistral-7B-DPO,NousResearch/Nous-Hermes-2-Mistral-7B-DPO,,Nous Research,,,,,,open,,,,,,,,,,,,,,
Nous-Hermes-2-Mixtral-8x7B-DPO,NousResearch/Nous-Hermes-2-Mixtral-8x7B-DPO,,Nous Research,,,,,,open,,,,,,,,,,,,,,
Nous-Hermes-2-Mixtral-8x7B-SFT,NousResearch/Nous-Hermes-2-Mixtral-8x7B-SFT,,Nous Research,,,,,,open,,,,,,,,,,,,,,
Nous-Hermes-2-SOLAR-10.7B,NousResearch/Nous-Hermes-2-SOLAR-10.7B,,Nous Research,,,,,,open,,,,,,,,,,,,,,
Nous-Hermes-2-Yi-34B,NousResearch/Nous-Hermes-2-Yi-34B,,Nous Research,,,,,,open,,,,,,,,,,,,,,
Nous-Hermes-Llama2-13b,NousResearch/Nous-Hermes-Llama2-13b,,Nous Research,,,,,,open,,,,,,,,,,,,,,
Nous-Hermes-llama-2-7b,NousResearch/Nous-Hermes-llama-2-7b,,Nous Research,,,,,,open,,,,,,,,,,,,,,
Nous-Puffin-70B,NousResearch/Nous-Puffin-70B,,Nous Research,,,,,,open,,,,,,,,,,,,,,
Redmond-Puffin-13B,NousResearch/Redmond-Puffin-13B,,Nous Research,,,,,,open,,,,,,,,,,,,,,
Yarn-Llama-2-13b-128k,NousResearch/Yarn-Llama-2-13b-128k,,Nous Research,,,,,,open,,,,,,,,,,,,,,
Yarn-Llama-2-7b-128k,NousResearch/Yarn-Llama-2-7b-128k,,Nous Research,,,,,,open,,,,,,,,,,,,,,
Yarn-Llama-2-7b-64k,NousResearch/Yarn-Llama-2-7b-64k,,Nous Research,,,,,,open,,,,,,,,,,,,,,
Yarn-Mistral-7b-128k,NousResearch/Yarn-Mistral-7b-128k,,Nous Research,,,,,,open,,,,,,,,,,,,,,
Yarn-Mistral-7b-64k,NousResearch/Yarn-Mistral-7b-64k,,Nous Research,,,,,,open,,,,,,,,,,,,,,
Yarn-Solar-10b-32k,NousResearch/Yarn-Solar-10b-32k,,Nous Research,,,,,,open,,,,,,,,,,,,,,
Yarn-Solar-10b-64k,NousResearch/Yarn-Solar-10b-64k,,Nous Research,,,,,,open,,,,,,,,,,,,,,
LlongOrca-13B-16k,Open-Orca/LlongOrca-13B-16k,,Open-Orca,,,,,,open,,,,,,,,,,,,,,
LlongOrca-7B-16k,Open-Orca/LlongOrca-7B-16k,,Open-Orca,,,,,,open,,,,,,,,,,,,,,
Mistral-7B-OpenOrca,Open-Orca/Mistral-7B-OpenOrca,,Open-Orca,,,,,,open,,,,,,,,,,,,,,
Mistral-7B-SlimOrca,Open-Orca/Mistral-7B-SlimOrca,,Open-Orca,,,,,,open,,,,,,,,,,,,,,
Mixtral-SlimOrca-8x7B,Open-Orca/Mixtral-SlimOrca-8x7B,,Open-Orca,,,,,,open,,,,,,,,,,,,,,
OpenOrca-Platypus2-13B,Open-Orca/OpenOrca-Platypus2-13B,,Open-Orca,,,,,,open,,,,,,,,,,,,,,
OpenOrca-Preview1-13B,Open-Orca/OpenOrca-Preview1-13B,,Open-Orca,,,,,,open,,,,,,,,,,,,,,
OpenOrcaxOpenChat-Preview2-13B,Open-Orca/OpenOrcaxOpenChat-Preview2-13B,,Open-Orca,,,,,,open,,,,,,,,,,,,,,
oasst-sft-1-pythia-12b,OpenAssistant/oasst-sft-1-pythia-12b,,OpenAssistant,,,,,,open,,,,,,,,,,,,,,
Phind-CodeLlama-34B-Python-v1,Phind/Phind-CodeLlama-34B-Python-v1,,Phind,,,,,,open,,,,,,,,,,,,,,
Phind-CodeLlama-34B-v1,Phind/Phind-CodeLlama-34B-v1,,Phind,,,,,,open,,,,,,,,,,,,,,
Phind-CodeLlama-34B-v2,Phind/Phind-CodeLlama-34B-v2,,Phind,,,,,,open,,,,,,,,,,,,,,
INTELLECT-1,PrimeIntellect/INTELLECT-1,,PrimeIntellect,,,,,,open,,,,,,,,,,,,,,
INTELLECT-1-Instruct,PrimeIntellect/INTELLECT-1-Instruct,,PrimeIntellect,,,,,,open,,,,,,,,,,,,,,
pygmalion-6b,PygmalionAI/pygmalion-6b,,PygmalionAI,,,,,,open,,,,,,,,,,,,,,
Qwen 3.5 Plus,Qwen 3.5 Plus,qwen,Alibaba Cloud,,,,,,closed,,,,,,,,,,,,,,
CodeQwen1.5-7B-Chat,Qwen/CodeQwen1.5-7B-Chat,,Alibaba Cloud,,,,,,open,,,,,,,,,,,,,,
Qwen-14B,Qwen/Qwen-14B,,Alibaba Cloud,,,,,,open,,,,,,,,,,,,,,
Qwen-72B,Qwen/Qwen-72B,,Alibaba Cloud,,,,,,open,,,,,,,,,,,,,,
Qwen-7B,Qwen/Qwen-7B,,Alibaba Cloud,,,,,,open,,,,,,,,,,,,,,
Qwen1.5-0.5B,Qwen/Qwen1.5-0.5B,,Alibaba Cloud,,,,,,open,,,,,,,,,,,,,,
Qwen1.5-0.5B-Chat,Qwen/Qwen1.5-0.5B-Chat,,Alibaba Cloud,,,,,,open,,,,,,,,,,,,,,
Qwen1.5-1.8B,Qwen/Qwen1.5-1.8B,,Alibaba Cloud,,,,,,open,,,,,,,,,,,,,,
Qwen1.5-1.8B-Chat,Qwen/Qwen1.5-1.8B-Chat,,Alibaba Cloud,,,,,,open,,,,,,,,,,,,,,
Qwen1.5-110B,Qwen/Qwen1.5-110B,,Alibaba Cloud,,,,,,open,,,,,,,,,,,,,,
Qwen1.5-14B,Qwen/Qwen1.5-14B,,Alibaba Cloud,,,,,,open,,,,,,,,,,,,,,
Qwen1.5-14B-Chat,Qwen/Qwen1.5-14B-Chat,,Alibaba Cloud,,,,,,open,,,,,,,,,,,,,,
Qwen1.5-32B,Qwen/Qwen1.5-32B,,Alibaba Cloud,,,,,,open,,,,,,,,,,,,,,
Qwen1.5-4B,Qwen/Qwen1.5-4B,,Alibaba Cloud,,,,,,open,,,,,,,,,,,,,,
Qwen1.5-4B-Chat,Qwen/Qwen1.5-4B-Chat,,Alibaba Cloud,,,,,,open,,,,,,,,,,,,,,
Qwen1.5-72B,Qwen/Qwen1.5-72B,,Alibaba Cloud,,,,,,open,,,,,,,,,,,,,,
Qwen1.5-7B,Qwen/Qwen1.5-7B,,Alibaba Cloud,,,,,,open,,,,,,,,,,,,,,
Qwen1.5-7B-Chat,Qwen/Qwen1.5-7B-Chat,,Alibaba Cloud,,,,,,open,,,,,,,,,,,,,,
Qwen1.5-MoE-A2.7B,Qwen/Qwen1.5-MoE-A2.7B,,Alibaba Cloud,,,,,,open,,,,,,,,,,,,,,
Qwen1.5-MoE-A2.7B-Chat,Qwen/Qwen1.5-MoE-A2.7B-Chat,,Alibaba Cloud,,,,,,open,,,,,,,,,,,,,,
Qwen2-0.5B,Qwen/Qwen2-0.5B,,Alibaba Cloud,,,,,,open,,,,,,,,,,,,,,
Qwen2-0.5B-Instruct,Qwen/Qwen2-0.5B-Instruct,,Alibaba Cloud,,,,,,open,,,,,,,,,,,,,,
Qwen2-1.5B,Qwen/Qwen2-1.5B,,Alibaba Cloud,,,,,,open,,,,,,,,,,,,,,
Qwen2-1.5B-Instruct,Qwen/Qwen2-1.5B-Instruct,,Alibaba Cloud,,,,,,open,,,,,,,,,,,,,,
Qwen2-57B-A14B,Qwen/Qwen2-57B-A14B,,Alibaba Cloud,,,,,,open,,,,,,,,,,,,,,
Qwen2-57B-A14B-Instruct,Qwen/Qwen2-57B-A14B-Instruct,,Alibaba Cloud,,,,,,open,,,,,,,,,,,,,,
Qwen2-72B,Qwen/Qwen2-72B,,Alibaba Cloud,,,,,,open,,,,,,,,,,,,,,
Qwen2-72B-Instruct,Qwen/Qwen2-72B-Instruct,,Alibaba Cloud,,,,,,open,,,,,,,,,,,,,,
Qwen2-7B,Qwen/Qwen2-7B,,Alibaba Cloud,,,,,,open,,,,,,,,,,,,,,
Qwen2-Math-72B-Instruct,Qwen/Qwen2-Math-72B-Instruct,,Alibaba Cloud,,,,,,open,,,,,,,,,,,,,,
Qwen2-Math-7B,Qwen/Qwen2-Math-7B,,Alibaba Cloud,,,,,,open,,,,,,,,,,,,,,
Qwen2-VL-72B-Instruct,Qwen/Qwen2-VL-72B-Instruct,,Alibaba Cloud,,,,,,open,,,,,,,,,,,,,,
Qwen2-VL-7B-Instruct,Qwen/Qwen2-VL-7B-Instruct,,Alibaba Cloud,,,,,,open,,,,,,,,,,,,,,
Qwen2-beta-14B,Qwen/Qwen2-beta-14B,,Alibaba Cloud,,,,,,open,,,,,,,,,,,,,,
Qwen2-beta-72B,Qwen/Qwen2-beta-72B,,Alibaba Cloud,,,,,,open,,,,,,,,,,,,,,
Qwen2.5-0.5B,Qwen/Qwen2.5-0.5B,,Alibaba Cloud,,,,,,open,,,,,,,,,,,,,,
Qwen2.5-0.5B-Instruct,Qwen/Qwen2.5-0.5B-Instruct,,Alibaba Cloud,,,,,,open,,,,,,,,,,,,,,
Qwen2.5-1.5B,Qwen/Qwen2.5-1.5B,,Alibaba Cloud,,,,,,open,,,,,,,,,,,,,,
Qwen2.5-1.5B-Instruct,Qwen/Qwen2.5-1.5B-Instruct,,Alibaba Cloud,,,,,,open,,,,,,,,,,,,,,
Qwen2.5-14B,Qwen/Qwen2.5-14B,,Alibaba Cloud,,,,,,open,,,,,,,,,,,,,,
Qwen2.5-14B-Instruct,Qwen/Qwen2.5-14B-Instruct,,Alibaba Cloud,,,,,,open,,,,,,,,,,,,,,
Qwen2.5-14B-Instruct-1M,Qwen/Qwen2.5-14B-Instruct-1M,,Alibaba Cloud,,,,,,open,,,,,,,,,,,,,,
Qwen2.5-32B,Qwen/Qwen2.5-32B,,Alibaba Cloud,,,,,,open,,,,,,,,,,,,,,
Qwen2.5-3B,Qwen/Qwen2.5-3B,,Alibaba Cloud,,,,,,open,,,,,,,,,,,,,,
Qwen2.5-3B-Instruct,Qwen/Qwen2.5-3B-Instruct,,Alibaba Cloud,,,,,,open,,,,,,,,,,,,,,
Qwen2.5-7B,Qwen/Qwen2.5-7B,,Alibaba Cloud,,,,,,open,,,,,,,,,,,,,,
Qwen2.5-7B-Instruct-1M,Qwen/Qwen2.5-7B-Instruct-1M,,Alibaba Cloud,,,,,,open,,,,,,,,,,,,,,
Qwen2.5-Coder-14B,Qwen/Qwen2.5-Coder-14B,,Alibaba Cloud,,,,,,open,,,,,,,,,,,,,,
Qwen2.5-Coder-14B-Instruct,Qwen/Qwen2.5-Coder-14B-Instruct,,Alibaba Cloud,,,,,,open,,,,,,,,,,,,,,
Qwen2.5-Coder-32B,Qwen/Qwen2.5-Coder-32B,,Alibaba Cloud,,,,,,open,,,,,,,,,,,,,,
Qwen2.5-Coder-7B,Qwen/Qwen2.5-Coder-7B,,Alibaba Cloud,,,,,,open,,,,,,,,,,,,,,
Qwen2.5-Coder-7B-Instruct,Qwen/Qwen2.5-Coder-7B-Instruct,,Alibaba Cloud,,,,,,open,,,,,,,,,,,,,,
Qwen2.5-Math-1.5B-Instruct,Qwen/Qwen2.5-Math-1.5B-Instruct,,Alibaba Cloud,,,,,,open,,,,,,,,,,,,,,
Qwen2.5-Math-72B-Instruct,Qwen/Qwen2.5-Math-72B-Instruct,,Alibaba Cloud,,,,,,open,,,,,,,,,,,,,,
Qwen2.5-Math-7B,Qwen/Qwen2.5-Math-7B,,Alibaba Cloud,,,,,,open,,,,,,,,,,,,,,
Qwen2.5-Math-7B-Instruct,Qwen/Qwen2.5-Math-7B-Instruct,,Alibaba Cloud,,,,,,open,,,,,,,,,,,,,,
Qwen3-VL,Qwen3-VL,qwen,Alibaba Cloud,,,,,,open,,,,,,,,,,,,,,
LLaMA-3-8B-SFR-Iterative-DPO-R,Salesforce/LLaMA-3-8B-SFR-Iterative-DPO-R,,salesforce,,,,,,open,,,,,,,,,,,,,,
codegen-16B-nl,Salesforce/codegen-16B-nl,,salesforce,,,,,,open,,,,,,,,,,,,,,
codegen-6B-multi,Salesforce/codegen-6B-multi,,salesforce,,,,,,open,,,,,,,,,,,,,,
codegen-6B-nl,Salesforce/codegen-6B-nl,,salesforce,,,,,,open,,,,,,,,,,,,,,
xLAM-v0.1-r,Salesforce/xLAM-v0.1-r,,salesforce,,,,,,open,,,,,,,,,,,,,,
LLaMA-Pro-8B,TencentARC/LLaMA-Pro-8B,,tencentarc,,,,,,open,,,,,,,,,,,,,,
LLaMA-Pro-8B-Instruct,TencentARC/LLaMA-Pro-8B-Instruct,,tencentarc,,,,,,open,,,,,,,,,,,,,,
MetaMath-Mistral-Pro,TencentARC/MetaMath-Mistral-Pro,,tencentarc,,,,,,open,,,,,,,,,,,,,,
Mistral_Pro_8B_v0.1,TencentARC/Mistral_Pro_8B_v0.1,,tencentarc,,,,,,open,,,,,,,,,,,,,,
TinyLlama-1.1B-Chat-v0.1,TinyLlama/TinyLlama-1.1B-Chat-v0.1,,tinyllama,,,,,,open,,,,,,,,,,,,,,
TinyLlama-1.1B-Chat-v0.5,TinyLlama/TinyLlama-1.1B-Chat-v0.5,,tinyllama,,,,,,open,,,,,,,,,,,,,,
TinyLlama-1.1B-Chat-v0.6,TinyLlama/TinyLlama-1.1B-Chat-v0.6,,tinyllama,,,,,,open,,,,,,,,,,,,,,
TinyLlama-1.1B-Chat-v1.0,TinyLlama/TinyLlama-1.1B-Chat-v1.0,,tinyllama,,,,,,open,,,,,,,,,,,,,,
TinyLlama-1.1B-intermediate-step-1195k-token-2.5T,TinyLlama/TinyLlama-1.1B-intermediate-step-1195k-token-2.5T,,tinyllama,,,,,,open,,,,,,,,,,,,,,
TinyLlama-1.1B-intermediate-step-1431k-3T,TinyLlama/TinyLlama-1.1B-intermediate-step-1431k-3T,,tinyllama,,,,,,open,,,,,,,,,,,,,,
TinyLlama-1.1B-intermediate-step-955k-token-2T,TinyLlama/TinyLlama-1.1B-intermediate-step-955k-token-2T,,tinyllama,,,,,,open,,,,,,,,,,,,,,
TinyLlama_v1.1,TinyLlama/TinyLlama_v1.1,,tinyllama,,,,,,open,,,,,,,,,,,,,,
WizardLM-13B-V1.0,WizardLMTeam/WizardLM-13B-V1.0,,wizardlmteam,,,,,,open,,,,,,,,,,,,,,
WizardLM-13B-V1.2,WizardLMTeam/WizardLM-13B-V1.2,,wizardlmteam,,,,,,open,,,,,,,,,,,,,,
WizardLM-70B-V1.0,WizardLMTeam/WizardLM-70B-V1.0,,wizardlmteam,,,,,,open,,,,,,,,,,,,,,
Dracarys-72B-Instruct,abacusai/Dracarys-72B-Instruct,,abacusai,,,,,,open,,,,,,,,,,,,,,
Liberated-Qwen1.5-14B,abacusai/Liberated-Qwen1.5-14B,,abacusai,,,,,,open,,,,,,,,,,,,,,
Llama-3-Smaug-8B,abacusai/Llama-3-Smaug-8B,,abacusai,,,,,,open,,,,,,,,,,,,,,
Smaug-34B-v0.1,abacusai/Smaug-34B-v0.1,,abacusai,,,,,,open,,,,,,,,,,,,,,
Smaug-72B-v0.1,abacusai/Smaug-72B-v0.1,,abacusai,,,,,,open,,,,,,,,,,,,,,
Smaug-Llama-3-70B-Instruct-32K,abacusai/Smaug-Llama-3-70B-Instruct-32K,,abacusai,,,,,,open,,,,,,,,,,,,,,
Smaug-Mixtral-v0.1,abacusai/Smaug-Mixtral-v0.1,,abacusai,,,,,,open,,,,,,,,,,,,,,
Smaug-Qwen2-72B-Instruct,abacusai/Smaug-Qwen2-72B-Instruct,,abacusai,,,,,,open,,,,,,,,,,,,,,
bigstral-12b-32k,abacusai/bigstral-12b-32k,,abacusai,,,,,,open,,,,,,,,,,,,,,
bigyi-15b,abacusai/bigyi-15b,,abacusai,,,,,,open,,,,,,,,,,,,,,
Jamba-v0.1,ai21labs/Jamba-v0.1,,ai21labs,,,,,,open,,,,,,,,,,,,,,
Llama-3.1-Tulu-3-70B,allenai/Llama-3.1-Tulu-3-70B,,allenai,,,,,,open,,,,,,,,,,,,,,
Llama-3.1-Tulu-3-70B-DPO,allenai/Llama-3.1-Tulu-3-70B-DPO,,allenai,,,,,,open,,,,,,,,,,,,,,
Llama-3.1-Tulu-3-70B-SFT,allenai/Llama-3.1-Tulu-3-70B-SFT,,allenai,,,,,,open,,,,,,,,,,,,,,
Llama-3.1-Tulu-3-8B,allenai/Llama-3.1-Tulu-3-8B,,allenai,,,,,,open,,,,,,,,,,,,,,
Llama-3.1-Tulu-3-8B-DPO,allenai/Llama-3.1-Tulu-3-8B-DPO,,allenai,,,,,,open,,,,,,,,,,,,,,
Llama-3.1-Tulu-3-8B-RM,allenai/Llama-3.1-Tulu-3-8B-RM,,allenai,,,,,,open,,,,,,,,,,,,,,
Llama-3.1-Tulu-3-8B-SFT,allenai/Llama-3.1-Tulu-3-8B-SFT,,allenai,,,,,,open,,,,,,,,,,,,,,
OLMo-1.7-7B-hf,allenai/OLMo-1.7-7B-hf,,allenai,,,,,,open,,,,,,,,,,,,,,
OLMo-1B-hf,allenai/OLMo-1B-hf,,allenai,,,,,,open,,,,,,,,,,,,,,
OLMo-2-1124-7B-Instruct,allenai/OLMo-2-1124-7B-Instruct,,allenai,,,,,,open,,,,,,,,,,,,,,
OLMo-7B-Instruct-hf,allenai/OLMo-7B-Instruct-hf,,allenai,,,,,,open,,,,,,,,,,,,,,
OLMo-7B-hf,allenai/OLMo-7B-hf,,allenai,,,,,,open,,,,,,,,,,,,,,
OLMoE-1B-7B-0125-Instruct,allenai/OLMoE-1B-7B-0125-Instruct,,allenai,,,,,,open,,,,,,,,,,,,,,
OLMoE-1B-7B-0924,allenai/OLMoE-1B-7B-0924,,allenai,,,,,,open,,,,,,,,,,,,,,
OLMoE-1B-7B-0924-Instruct,allenai/OLMoE-1B-7B-0924-Instruct,,allenai,,,,,,open,,,,,,,,,,,,,,
AMD-Llama-135m,amd/AMD-Llama-135m,,amd,,,,,,open,,,,,,,,,,,,,,
Llama-3.1-8B-MagPie-Ultra,argilla-warehouse/Llama-3.1-8B-MagPie-Ultra,,argilla-warehouse,,,,,,open,,,,,,,,,,,,,,
notus-7b-v1,argilla/notus-7b-v1,,argilla,,,,,,open,,,,,,,,,,,,,,
notux-8x7b-v1,argilla/notux-8x7b-v1,,argilla,,,,,,open,,,,,,,,,,,,,,
Starling-LM-7B-alpha,berkeley-nest/Starling-LM-7B-alpha,,berkeley-nest,,,,,,open,,,,,,,,,,,,,,
gpt_bigcode-santacoder,bigcode/gpt_bigcode-santacoder,,bigcode,,,,,,open,,,,,,,,,,,,,,
santacoder,bigcode/santacoder,,bigcode,,,,,,open,,,,,,,,,,,,,,
starcoder,bigcode/starcoder,,bigcode,,,,,,open,,,,,,,,,,,,,,
starcoder2-15b,bigcode/starcoder2-15b,,bigcode,,,,,,open,,,,,,,,,,,,,,
starcoder2-3b,bigcode/starcoder2-3b,,bigcode,,,,,,open,,,,,,,,,,,,,,
starcoder2-7b,bigcode/starcoder2-7b,,bigcode,,,,,,open,,,,,,,,,,,,,,
starcoderbase,bigcode/starcoderbase,,bigcode,,,,,,open,,,,,,,,,,,,,,
starcoderbase-1b,bigcode/starcoderbase-1b,,bigcode,,,,,,open,,,,,,,,,,,,,,
starcoderbase-3b,bigcode/starcoderbase-3b,,bigcode,,,,,,open,,,,,,,,,,,,,,
starcoderbase-7b,bigcode/starcoderbase-7b,,bigcode,,,,,,open,,,,,,,,,,,,,,
starcoderplus,bigcode/starcoderplus,,bigcode,,,,,,open,,,,,,,,,,,,,,
tiny_starcoder_py,bigcode/tiny_starcoder_py,,bigcode,,,,,,open,,,,,,,,,,,,,,
bloom-1b1,bigscience/bloom-1b1,,bigscience,,,,,,open,,,,,,,,,,,,,,
bloom-1b7,bigscience/bloom-1b7,,bigscience,,,,,,open,,,,,,,,,,,,,,
bloom-3b,bigscience/bloom-3b,,bigscience,,,,,,open,,,,,,,,,,,,,,
bloom-560m,bigscience/bloom-560m,,bigscience,,,,,,open,,,,,,,,,,,,,,
bloom-7b1,bigscience/bloom-7b1,,bigscience,,,,,,open,,,,,,,,,,,,,,
Dolphin3.0-Llama3.1-8B,cognitivecomputations/Dolphin3.0-Llama3.1-8B,,cognitivecomputations,,,,,,open,,,,,,,,,,,,,,
Dolphin3.0-Llama3.2-1B,cognitivecomputations/Dolphin3.0-Llama3.2-1B,,cognitivecomputations,,,,,,open,,,,,,,,,,,,,,
Dolphin3.0-Qwen2.5-0.5B,cognitivecomputations/Dolphin3.0-Qwen2.5-0.5B,,cognitivecomputations,,,,,,open,,,,,,,,,,,,,,
Dolphin3.0-R1-Mistral-24B,cognitivecomputations/Dolphin3.0-R1-Mistral-24B,,cognitivecomputations,,,,,,open,,,,,,,,,,,,,,
dolphin-2.9-llama3-8b,cognitivecomputations/dolphin-2.9-llama3-8b,,cognitivecomputations,,,,,,open,,,,,,,,,,,,,,
dolphin-2.9.1-llama-3-70b,cognitivecomputations/dolphin-2.9.1-llama-3-70b,,cognitivecomputations,,,,,,open,,,,,,,,,,,,,,
dolphin-2.9.1-yi-1.5-34b,cognitivecomputations/dolphin-2.9.1-yi-1.5-34b,,cognitivecomputations,,,,,,open,,,,,,,,,,,,,,
dolphin-2.9.1-yi-1.5-9b,cognitivecomputations/dolphin-2.9.1-yi-1.5-9b,,cognitivecomputations,,,,,,open,,,,,,,,,,,,,,
dolphin-2.9.2-Phi-3-Medium,cognitivecomputations/dolphin-2.9.2-Phi-3-Medium,,cognitivecomputations,,,,,,open,,,,,,,,,,,,,,
dolphin-2.9.2-Phi-3-Medium-abliterated,cognitivecomputations/dolphin-2.9.2-Phi-3-Medium-abliterated,,cognitivecomputations,,,,,,open,,,,,,,,,,,,,,
dolphin-2.9.2-qwen2-72b,cognitivecomputations/dolphin-2.9.2-qwen2-72b,,cognitivecomputations,,,,,,open,,,,,,,,,,,,,,
dolphin-2.9.2-qwen2-7b,cognitivecomputations/dolphin-2.9.2-qwen2-7b,,cognitivecomputations,,,,,,open,,,,,,,,,,,,,,
dolphin-2.9.3-Yi-1.5-34B-32k,cognitivecomputations/dolphin-2.9.3-Yi-1.5-34B-32k,,cognitivecomputations,,,,,,open,,,,,,,,,,,,,,
dolphin-2.9.3-mistral-7B-32k,cognitivecomputations/dolphin-2.9.3-mistral-7B-32k,,cognitivecomputations,,,,,,open,,,,,,,,,,,,,,
dolphin-2.9.3-mistral-nemo-12b,cognitivecomputations/dolphin-2.9.3-mistral-nemo-12b,,cognitivecomputations,,,,,,open,,,,,,,,,,,,,,
dolphin-2.9.4-gemma2-2b,cognitivecomputations/dolphin-2.9.4-gemma2-2b,,cognitivecomputations,,,,,,open,,,,,,,,,,,,,,
dolphin-2.9.4-llama3.1-8b,cognitivecomputations/dolphin-2.9.4-llama3.1-8b,,cognitivecomputations,,,,,,open,,,,,,,,,,,,,,
dbrx-base,databricks/dbrx-base,,databricks,,,,,,open,,,,,,,,,,,,,,
dbrx-instruct,databricks/dbrx-instruct,,databricks,,,,,,open,,,,,,,,,,,,,,
dolly-v1-6b,databricks/dolly-v1-6b,,databricks,,,,,,open,,,,,,,,,,,,,,
dolly-v2-12b,databricks/dolly-v2-12b,,databricks,,,,,,open,,,,,,,,,,,,,,
dolly-v2-3b,databricks/dolly-v2-3b,,databricks,,,,,,open,,,,,,,,,,,,,,
dolly-v2-7b,databricks/dolly-v2-7b,,databricks,,,,,,open,,,,,,,,,,,,,,
DeepSeek-R1-Distill-Qwen-1.5B,deepseek-ai/DeepSeek-R1-Distill-Qwen-1.5B,,deepseek-ai,,,,,,open,,,,,,,,,,,,,,
DeepSeek-R1-Distill-Qwen-14B,deepseek-ai/DeepSeek-R1-Distill-Qwen-14B,,deepseek-ai,,,,,,open,,,,,,,,,,,,,,
DeepSeek-R1-Distill-Qwen-32B,deepseek-ai/DeepSeek-R1-Distill-Qwen-32B,,deepseek-ai,,,,,,open,,,,,,,,,,,,,,
DeepSeek-R1-Distill-Qwen-7B,deepseek-ai/DeepSeek-R1-Distill-Qwen-7B,,deepseek-ai,,,,,,open,,,,,,,,,,,,,,
deepseek-llm-67b-chat,deepseek-ai/deepseek-llm-67b-chat,,deepseek-ai,,,,,,open,,,,,,,,,,,,,,
deepseek-llm-7b-base,deepseek-ai/deepseek-llm-7b-base,,deepseek-ai,,,,,,open,,,,,,,,,,,,,,
deepseek-llm-7b-chat,deepseek-ai/deepseek-llm-7b-chat,,deepseek-ai,,,,,,open,,,,,,,,,,,,,,
deepseek-moe-16b-base,deepseek-ai/deepseek-moe-16b-base,,deepseek-ai,,,,,,open,,,,,,,,,,,,,,
deepseek-moe-16b-chat,deepseek-ai/deepseek-moe-16b-chat,,deepseek-ai,,,,,,open,,,,,,,,,,,,,,
distilgpt2,distilbert/distilgpt2,,distilbert,,,,,,open,,,,,,,,,,,,,,
opt-1.3b,facebook/opt-1.3b,,facebook,,,,,,open,,,,,,,,,,,,,,
opt-125m,facebook/opt-125m,,facebook,,,,,,open,,,,,,,,,,,,,,
opt-13b,facebook/opt-13b,,facebook,,,,,,open,,,,,,,,,,,,,,
opt-2.7b,facebook/opt-2.7b,,facebook,,,,,,open,,,,,,,,,,,,,,
opt-30b,facebook/opt-30b,,facebook,,,,,,open,,,,,,,,,,,,,,
opt-350m,facebook/opt-350m,,facebook,,,,,,open,,,,,,,,,,,,,,
opt-6.7b,facebook/opt-6.7b,,facebook,,,,,,open,,,,,,,,,,,,,,
opt-66b,facebook/opt-66b,,facebook,,,,,,open,,,,,,,,,,,,,,
opt-iml-max-1.3b,facebook/opt-iml-max-1.3b,,facebook,,,,,,open,,,,,,,,,,,,,,
opt-iml-max-30b,facebook/opt-iml-max-30b,,facebook,,,,,,open,,,,,,,,,,,,,,
xglm-1.7B,facebook/xglm-1.7B,,facebook,,,,,,open,,,,,,,,,,,,,,
xglm-4.5B,facebook/xglm-4.5B,,facebook,,,,,,open,,,,,,,,,,,,,,
xglm-564M,facebook/xglm-564M,,facebook,,,,,,open,,,,,,,,,,,,,,
xglm-7.5B,facebook/xglm-7.5B,,facebook,,,,,,open,,,,,,,,,,,,,,
codegemma-1.1-2b,google/codegemma-1.1-2b,,Google,,,,,,open,,,,,,,,,,,,,,
codegemma-2b,google/codegemma-2b,,Google,,,,,,open,,,,,,,,,,,,,,
codegemma-7b,google/codegemma-7b,,Google,,,,,,open,,,,,,,,,,,,,,
codegemma-7b-it,google/codegemma-7b-it,,Google,,,,,,open,,,,,,,,,,,,,,
flan-t5-base,google/flan-t5-base,,Google,,,,,,open,,,,,,,,,,,,,,
flan-t5-large,google/flan-t5-large,,Google,,,,,,open,,,,,,,,,,,,,,
flan-t5-small,google/flan-t5-small,,Google,,,,,,open,,,,,,,,,,,,,,
flan-t5-xl,google/flan-t5-xl,,Google,,,,,,open,,,,,,,,,,,,,,
flan-t5-xxl,google/flan-t5-xxl,,Google,,,,,,open,,,,,,,,,,,,,,
flan-ul2,google/flan-ul2,,Google,,,,,,open,,,,,,,,,,,,,,
gemma-2-2b-it,google/gemma-2-2b-it,,Google,,,,,,open,,,,,,,,,,,,,,
gemma-2-2b-jpn-it,google/gemma-2-2b-jpn-it,,Google,,,,,,open,,,,,,,,,,,,,,
gemma-2b,google/gemma-2b,,Google,,,,,,open,,,,,,,,,,,,,,
gemma-7b,google/gemma-7b,,Google,,,,,,open,,,,,,,,,,,,,,
mt5-base,google/mt5-base,,Google,,,,,,open,,,,,,,,,,,,,,
mt5-small,google/mt5-small,,Google,,,,,,open,,,,,,,,,,,,,,
mt5-xl,google/mt5-xl,,Google,,,,,,open,,,,,,,,,,,,,,
recurrentgemma-2b,google/recurrentgemma-2b,,Google,,,,,,open,,,,,,,,,,,,,,
recurrentgemma-2b-it,google/recurrentgemma-2b-it,,Google,,,,,,open,,,,,,,,,,,,,,
recurrentgemma-9b,google/recurrentgemma-9b,,Google,,,,,,open,,,,,,,,,,,,,,
recurrentgemma-9b-it,google/recurrentgemma-9b-it,,Google,,,,,,open,,,,,,,,,,,,,,
switch-base-8,google/switch-base-8,,Google,,,,,,open,,,,,,,,,,,,,,
umt5-base,google/umt5-base,,Google,,,,,,open,,,,,,,,,,,,,,
Llama-3-8B-Instruct-Gradient-1048k,gradientai/Llama-3-8B-Instruct-Gradient-1048k,,gradientai,,,,,,open,,,,,,,,,,,,,,
granite-3.0-1b-a400m-base,ibm-granite/granite-3.0-1b-a400m-base,,ibm-granite,,,,,,open,,,,,,,,,,,,,,
granite-3.0-1b-a400m-instruct,ibm-granite/granite-3.0-1b-a400m-instruct,,ibm-granite,,,,,,open,,,,,,,,,,,,,,
granite-3.0-2b-base,ibm-granite/granite-3.0-2b-base,,ibm-granite,,,,,,open,,,,,,,,,,,,,,
granite-3.0-3b-a800m-base,ibm-granite/granite-3.0-3b-a800m-base,,ibm-granite,,,,,,open,,,,,,,,,,,,,,
granite-3.0-3b-a800m-instruct,ibm-granite/granite-3.0-3b-a800m-instruct,,ibm-granite,,,,,,open,,,,,,,,,,,,,,
granite-3.0-8b-base,ibm-granite/granite-3.0-8b-base,,ibm-granite,,,,,,open,,,,,,,,,,,,,,
granite-3.1-1b-a400m-base,ibm-granite/granite-3.1-1b-a400m-base,,ibm-granite,,,,,,open,,,,,,,,,,,,,,
granite-3.1-1b-a400m-instruct,ibm-granite/granite-3.1-1b-a400m-instruct,,ibm-granite,,,,,,open,,,,,,,,,,,,,,
granite-3.1-2b-base,ibm-granite/granite-3.1-2b-base,,ibm-granite,,,,,,open,,,,,,,,,,,,,,
granite-3.1-2b-instruct,ibm-granite/granite-3.1-2b-instruct,,ibm-granite,,,,,,open,,,,,,,,,,,,,,
granite-3.1-3b-a800m-base,ibm-granite/granite-3.1-3b-a800m-base,,ibm-granite,,,,,,open,,,,,,,,,,,,,,
granite-3.1-3b-a800m-instruct,ibm-granite/granite-3.1-3b-a800m-instruct,,ibm-granite,,,,,,open,,,,,,,,,,,,,,
granite-3.1-8b-base,ibm-granite/granite-3.1-8b-base,,ibm-granite,,,,,,open,,,,,,,,,,,,,,
granite-3.1-8b-instruct,ibm-granite/granite-3.1-8b-instruct,,ibm-granite,,,,,,open,,,,,,,,,,,,,,
granite-3.2-2b-instruct,ibm-granite/granite-3.2-2b-instruct,,ibm-granite,,,,,,open,,,,,,,,,,,,,,
granite-3.2-8b-instruct,ibm-granite/granite-3.2-8b-instruct,,ibm-granite,,,,,,open,,,,,,,,,,,,,,
granite-7b-base,ibm-granite/granite-7b-base,,ibm-granite,,,,,,open,,,,,,,,,,,,,,
granite-7b-instruct,ibm-granite/granite-7b-instruct,,ibm-granite,,,,,,open,,,,,,,,,,,,,,
PowerLM-3b,ibm/PowerLM-3b,,ibm,,,,,,open,,,,,,,,,,,,,,
merlinite-7b,ibm/merlinite-7b,,ibm,,,,,,open,,,,,,,,,,,,,,
internlm-20b,internlm/internlm-20b,,internlm,,,,,,open,,,,,,,,,,,,,,
internlm-20b-chat,internlm/internlm-20b-chat,,internlm,,,,,,open,,,,,,,,,,,,,,
internlm2-1_8b,internlm/internlm2-1_8b,,internlm,,,,,,open,,,,,,,,,,,,,,
internlm2-20b,internlm/internlm2-20b,,internlm,,,,,,open,,,,,,,,,,,,,,
internlm2-7b,internlm/internlm2-7b,,internlm,,,,,,open,,,,,,,,,,,,,,
internlm2-chat-1_8b,internlm/internlm2-chat-1_8b,,internlm,,,,,,open,,,,,,,,,,,,,,
internlm2_5-1_8b-chat,internlm/internlm2_5-1_8b-chat,,internlm,,,,,,open,,,,,,,,,,,,,,
internlm2_5-20b-chat,internlm/internlm2_5-20b-chat,,internlm,,,,,,open,,,,,,,,,,,,,,
internlm2_5-7b-chat,internlm/internlm2_5-7b-chat,,internlm,,,,,,open,,,,,,,,,,,,,,
helium-1-preview-2b,kyutai/helium-1-preview-2b,,kyutai,,,,,,open,,,,,,,,,,,,,,
longchat-13b-16k,lmsys/longchat-13b-16k,,lmsys,,,,,,open,,,,,,,,,,,,,,
longchat-7b-v1.5-32k,lmsys/longchat-7b-v1.5-32k,,lmsys,,,,,,open,,,,,,,,,,,,,,
vicuna-13b-delta-v1.1,lmsys/vicuna-13b-delta-v1.1,,lmsys,,,,,,open,,,,,,,,,,,,,,
vicuna-13b-v1.1,lmsys/vicuna-13b-v1.1,,lmsys,,,,,,open,,,,,,,,,,,,,,
vicuna-13b-v1.3,lmsys/vicuna-13b-v1.3,,lmsys,,,,,,open,,,,,,,,,,,,,,
vicuna-13b-v1.5,lmsys/vicuna-13b-v1.5,,lmsys,,,,,,open,,,,,,,,,,,,,,
vicuna-13b-v1.5-16k,lmsys/vicuna-13b-v1.5-16k,,lmsys,,,,,,open,,,,,,,,,,,,,,
vicuna-33b-v1.3,lmsys/vicuna-33b-v1.3,,lmsys,,,,,,open,,,,,,,,,,,,,,
vicuna-7b-delta-v1.1,lmsys/vicuna-7b-delta-v1.1,,lmsys,,,,,,open,,,,,,,,,,,,,,
vicuna-7b-v1.3,lmsys/vicuna-7b-v1.3,,lmsys,,,,,,open,,,,,,,,,,,,,,
vicuna-7b-v1.5,lmsys/vicuna-7b-v1.5,,lmsys,,,,,,open,,,,,,,,,,,,,,
vicuna-7b-v1.5-16k,lmsys/vicuna-7b-v1.5-16k,,lmsys,,,,,,open,,,,,,,,,,,,,,
Llama-2-13b-chat-hf,meta-llama/Llama-2-13b-chat-hf,,Meta,,,,,,open,,,,,,,,,,,,,,
Llama-2-13b-hf,meta-llama/Llama-2-13b-hf,,Meta,,,,,,open,,,,,,,,,,,,,,
Llama-2-70b-chat-hf,meta-llama/Llama-2-70b-chat-hf,,Meta,,,,,,open,,,,,,,,,,,,,,
Llama-2-70b-hf,meta-llama/Llama-2-70b-hf,,Meta,,,,,,open,,,,,,,,,,,,,,
Llama-2-7b-chat-hf,meta-llama/Llama-2-7b-chat-hf,,Meta,,,,,,open,,,,,,,,,,,,,,
Llama-2-7b-hf,meta-llama/Llama-2-7b-hf,,Meta,,,,,,open,,,,,,,,,,,,,,
Llama-3.1-8B,meta-llama/Llama-3.1-8B,,Meta,,,,,,open,,,,,,,,,,,,,,
Llama-3.2-1B,meta-llama/Llama-3.2-1B,,Meta,,,,,,open,,,,,,,,,,,,,,
Llama-3.2-1B-Instruct,meta-llama/Llama-3.2-1B-Instruct,,Meta,,,,,,open,,,,,,,,,,,,,,
Llama-3.2-3B,meta-llama/Llama-3.2-3B,,Meta,,,,,,open,,,,,,,,,,,,,,
Llama-3.2-3B-Instruct,meta-llama/Llama-3.2-3B-Instruct,,Meta,,,,,,open,,,,,,,,,,,,,,
Meta-Llama-3-70B,meta-llama/Meta-Llama-3-70B,,Meta,,,,,,open,,,,,,,,,,,,,,
Meta-Llama-3-8B,meta-llama/Meta-Llama-3-8B,,Meta,,,,,,open,,,,,,,,,,,,,,
MetaMath-13B-V1.0,meta-math/MetaMath-13B-V1.0,,meta-math,,,,,,open,,,,,,,,,,,,,,
MetaMath-70B-V1.0,meta-math/MetaMath-70B-V1.0,,meta-math,,,,,,open,,,,,,,,,,,,,,
MetaMath-Llemma-7B,meta-math/MetaMath-Llemma-7B,,meta-math,,,,,,open,,,,,,,,,,,,,,
MetaMath-Mistral-7B,meta-math/MetaMath-Mistral-7B,,meta-math,,,,,,open,,,,,,,,,,,,,,
CodeGPT-small-py,microsoft/CodeGPT-small-py,,Microsoft,,,,,,open,,,,,,,,,,,,,,
DialoGPT-large,microsoft/DialoGPT-large,,Microsoft,,,,,,open,,,,,,,,,,,,,,
DialoGPT-medium,microsoft/DialoGPT-medium,,Microsoft,,,,,,open,,,,,,,,,,,,,,
DialoGPT-small,microsoft/DialoGPT-small,,Microsoft,,,,,,open,,,,,,,,,,,,,,
Orca-2-13b,microsoft/Orca-2-13b,,Microsoft,,,,,,open,,,,,,,,,,,,,,
Orca-2-7b,microsoft/Orca-2-7b,,Microsoft,,,,,,open,,,,,,,,,,,,,,
Phi-3-medium-128k-instruct,microsoft/Phi-3-medium-128k-instruct,,Microsoft,,,,,,open,,,,,,,,,,,,,,
Phi-3-medium-4k-instruct,microsoft/Phi-3-medium-4k-instruct,,Microsoft,,,,,,open,,,,,,,,,,,,,,
Phi-3-mini-128k-instruct,microsoft/Phi-3-mini-128k-instruct,,Microsoft,,,,,,open,,,,,,,,,,,,,,
Phi-3-mini-4k-instruct,microsoft/Phi-3-mini-4k-instruct,,Microsoft,,,,,,open,,,,,,,,,,,,,,
Phi-3-small-128k-instruct,microsoft/Phi-3-small-128k-instruct,,Microsoft,,,,,,open,,,,,,,,,,,,,,
Phi-3-small-8k-instruct,microsoft/Phi-3-small-8k-instruct,,Microsoft,,,,,,open,,,,,,,,,,,,,,
Phi-4-mini-instruct,microsoft/Phi-4-mini-instruct,,Microsoft,,,,,,open,,,,,,,,,,,,,,
WizardLM-2-7B,microsoft/WizardLM-2-7B,,Microsoft,,,,,,open,,,,,,,,,,,,,,
phi-1,microsoft/phi-1,,Microsoft,,,,,,open,,,,,,,,,,,,,,
phi-1_5,microsoft/phi-1_5,,Microsoft,,,,,,open,,,,,,,,,,,,,,
phi-2,microsoft/phi-2,,Microsoft,,,,,,open,,,,,,,,,,,,,,
rho-math-1b-v0.1,microsoft/rho-math-1b-v0.1,,Microsoft,,,,,,open,,,,,,,,,,,,,,
Mistral-7B-v0.2,mistral-community/Mistral-7B-v0.2,,mistral-community,,,,,,open,,,,,,,,,,,,,,
mixtral-8x22B-v0.3,mistral-community/mixtral-8x22B-v0.3,,mistral-community,,,,,,open,,,,,,,,,,,,,,
Codestral-22B-v0.1,mistralai/Codestral-22B-v0.1,,Mistral AI,,,,,,open,,,,,,,,,,,,,,
Ministral-8B-Instruct-2410,mistralai/Ministral-8B-Instruct-2410,,Mistral AI,,,,,,open,,,,,,,,,,,,,,
Mistral-7B-Instruct-v0.1,mistralai/Mistral-7B-Instruct-v0.1,,Mistral AI,,,,,,open,,,,,,,,,,,,,,
Mistral-7B-Instruct-v0.2,mistralai/Mistral-7B-Instruct-v0.2,,Mistral AI,,,,,,open,,,,,,,,,,,,,,
Mistral-7B-Instruct-v0.3,mistralai/Mistral-7B-Instruct-v0.3,,Mistral AI,,,,,,open,,,,,,,,,,,,,,
Mistral-7B-v0.3,mistralai/Mistral-7B-v0.3,,Mistral AI,,,,,,open,,,,,,,,,,,,,,
Mistral-Large-Instruct-2411,mistralai/Mistral-Large-Instruct-2411,,Mistral AI,,,,,,open,,,,,,,,,,,,,,
Mistral-Nemo-Base-2407,mistralai/Mistral-Nemo-Base-2407,,Mistral AI,,,,,,open,,,,,,,,,,,,,,
Mistral-Nemo-Instruct-2407,mistralai/Mistral-Nemo-Instruct-2407,,Mistral AI,,,,,,open,,,,,,,,,,,,,,
Mistral-Small-24B-Base-2501,mistralai/Mistral-Small-24B-Base-2501,,Mistral AI,,,,,,open,,,,,,,,,,,,,,
Mistral-Small-Instruct-2409,mistralai/Mistral-Small-Instruct-2409,,Mistral AI,,,,,,open,,,,,,,,,,,,,,
Mixtral-8x22B-v0.1,mistralai/Mixtral-8x22B-v0.1,,Mistral AI,,,,,,open,,,,,,,,,,,,,,
Mixtral-8x7B-v0.1,mistralai/Mixtral-8x7B-v0.1,,Mistral AI,,,,,,open,,,,,,,,,,,,,,
AlphaMonarch-7B,mlabonne/AlphaMonarch-7B,,mlabonne,,,,,,open,,,,,,,,,,,,,,
Beyonder-4x7B-v3,mlabonne/Beyonder-4x7B-v3,,mlabonne,,,,,,open,,,,,,,,,,,,,,
BigQwen2.5-52B-Instruct,mlabonne/BigQwen2.5-52B-Instruct,,mlabonne,,,,,,open,,,,,,,,,,,,,,
BigQwen2.5-Echo-47B-Instruct,mlabonne/BigQwen2.5-Echo-47B-Instruct,,mlabonne,,,,,,open,,,,,,,,,,,,,,
ChimeraLlama-3-8B-v2,mlabonne/ChimeraLlama-3-8B-v2,,mlabonne,,,,,,open,,,,,,,,,,,,,,
ChimeraLlama-3-8B-v3,mlabonne/ChimeraLlama-3-8B-v3,,mlabonne,,,,,,open,,,,,,,,,,,,,,
Daredevil-8B,mlabonne/Daredevil-8B,,mlabonne,,,,,,open,,,,,,,,,,,,,,
Daredevil-8B-abliterated,mlabonne/Daredevil-8B-abliterated,,mlabonne,,,,,,open,,,,,,,,,,,,,,
Hermes-3-Llama-3.1-70B-lorablated,mlabonne/Hermes-3-Llama-3.1-70B-lorablated,,mlabonne,,,,,,open,,,,,,,,,,,,,,
Meta-Llama-3.1-8B-Instruct-abliterated,mlabonne/Meta-Llama-3.1-8B-Instruct-abliterated,,mlabonne,,,,,,open,,,,,,,,,,,,,,
NeuralBeagle14-7B,mlabonne/NeuralBeagle14-7B,,mlabonne,,,,,,open,,,,,,,,,,,,,,
NeuralDaredevil-8B-abliterated,mlabonne/NeuralDaredevil-8B-abliterated,,mlabonne,,,,,,open,,,,,,,,,,,,,,
OrpoLlama-3-8B,mlabonne/OrpoLlama-3-8B,,mlabonne,,,,,,open,,,,,,,,,,,,,,
phixtral-2x2_8,mlabonne/phixtral-2x2_8,,mlabonne,,,,,,open,,,,,,,,,,,,,,
mpt-30b,mosaicml/mpt-30b,,mosaicml,,,,,,open,,,,,,,,,,,,,,
mpt-30b-instruct,mosaicml/mpt-30b-instruct,,mosaicml,,,,,,open,,,,,,,,,,,,,,
mpt-7b,mosaicml/mpt-7b,,mosaicml,,,,,,open,,,,,,,,,,,,,,
mpt-7b-8k,mosaicml/mpt-7b-8k,,mosaicml,,,,,,open,,,,,,,,,,,,,,
mpt-7b-8k-chat,mosaicml/mpt-7b-8k-chat,,mosaicml,,,,,,open,,,,,,,,,,,,,,
mpt-7b-8k-instruct,mosaicml/mpt-7b-8k-instruct,,mosaicml,,,,,,open,,,,,,,,,,,,,,
mpt-7b-chat,mosaicml/mpt-7b-chat,,mosaicml,,,,,,open,,,,,,,,,,,,,,
mpt-7b-instruct,mosaicml/mpt-7b-instruct,,mosaicml,,,,,,open,,,,,,,,,,,,,,
mpt-7b-storywriter,mosaicml/mpt-7b-storywriter,,mosaicml,,,,,,open,,,,,,,,,,,,,,
AceInstruct-1.5B,nvidia/AceInstruct-1.5B,,nvidia,,,,,,open,,,,,,,,,,,,,,
AceInstruct-72B,nvidia/AceInstruct-72B,,nvidia,,,,,,open,,,,,,,,,,,,,,
AceInstruct-7B,nvidia/AceInstruct-7B,,nvidia,,,,,,open,,,,,,,,,,,,,,
AceMath-1.5B-Instruct,nvidia/AceMath-1.5B-Instruct,,nvidia,,,,,,open,,,,,,,,,,,,,,
AceMath-72B-Instruct,nvidia/AceMath-72B-Instruct,,nvidia,,,,,,open,,,,,,,,,,,,,,
AceMath-72B-RM,nvidia/AceMath-72B-RM,,nvidia,,,,,,open,,,,,,,,,,,,,,
AceMath-7B-Instruct,nvidia/AceMath-7B-Instruct,,nvidia,,,,,,open,,,,,,,,,,,,,,
AceMath-7B-RM,nvidia/AceMath-7B-RM,,nvidia,,,,,,open,,,,,,,,,,,,,,
Hymba-1.5B-Base,nvidia/Hymba-1.5B-Base,,nvidia,,,,,,open,,,,,,,,,,,,,,
Hymba-1.5B-Instruct,nvidia/Hymba-1.5B-Instruct,,nvidia,,,,,,open,,,,,,,,,,,,,,
Llama-3.1-Minitron-4B-Depth-Base,nvidia/Llama-3.1-Minitron-4B-Depth-Base,,nvidia,,,,,,open,,,,,,,,,,,,,,
Llama3-ChatQA-1.5-70B,nvidia/Llama3-ChatQA-1.5-70B,,nvidia,,,,,,open,,,,,,,,,,,,,,
Llama3-ChatQA-1.5-8B,nvidia/Llama3-ChatQA-1.5-8B,,nvidia,,,,,,open,,,,,,,,,,,,,,
Minitron-4B-Base,nvidia/Minitron-4B-Base,,nvidia,,,,,,open,,,,,,,,,,,,,,
Minitron-8B-Base,nvidia/Minitron-8B-Base,,nvidia,,,,,,open,,,,,,,,,,,,,,
Mistral-NeMo-Minitron-8B-Base,nvidia/Mistral-NeMo-Minitron-8B-Base,,nvidia,,,,,,open,,,,,,,,,,,,,,
Mistral-NeMo-Minitron-8B-Instruct,nvidia/Mistral-NeMo-Minitron-8B-Instruct,,nvidia,,,,,,open,,,,,,,,,,,,,,
Nemotron-Mini-4B-Instruct,nvidia/Nemotron-Mini-4B-Instruct,,nvidia,,,,,,open,,,,,,,,,,,,,,
OpenMath-Mistral-7B-v0.1-hf,nvidia/OpenMath-Mistral-7B-v0.1-hf,,nvidia,,,,,,open,,,,,,,,,,,,,,
OpenMath2-Llama3.1-8B,nvidia/OpenMath2-Llama3.1-8B,,nvidia,,,,,,open,,,,,,,,,,,,,,
gpt2,openai-community/gpt2,,openai-community,,,,,,open,,,,,,,,,,,,,,
gpt2-large,openai-community/gpt2-large,,openai-community,,,,,,open,,,,,,,,,,,,,,
gpt2-medium,openai-community/gpt2-medium,,openai-community,,,,,,open,,,,,,,,,,,,,,
gpt2-xl,openai-community/gpt2-xl,,openai-community,,,,,,open,,,,,,,,,,,,,,
openchat-3.5-0106,openchat/openchat-3.5-0106,,openchat,,,,,,open,,,,,,,,,,,,,,
openchat-3.5-0106-gemma,openchat/openchat-3.5-0106-gemma,,openchat,,,,,,open,,,,,,,,,,,,,,
openchat-3.5-1210,openchat/openchat-3.5-1210,,openchat,,,,,,open,,,,,,,,,,,,,,
openchat-3.6-8b-20240522,openchat/openchat-3.6-8b-20240522,,openchat,,,,,,open,,,,,,,,,,,,,,
openchat_3.5,openchat/openchat_3.5,,openchat,,,,,,open,,,,,,,,,,,,,,
openchat_8192,openchat/openchat_8192,,openchat,,,,,,open,,,,,,,,,,,,,,
openchat_v2,openchat/openchat_v2,,openchat,,,,,,open,,,,,,,,,,,,,,
openchat_v2_w,openchat/openchat_v2_w,,openchat,,,,,,open,,,,,,,,,,,,,,
openchat_v3.1,openchat/openchat_v3.1,,openchat,,,,,,open,,,,,,,,,,,,,,
openchat_v3.2,openchat/openchat_v3.2,,openchat,,,,,,open,,,,,,,,,,,,,,
openchat_v3.2_super,openchat/openchat_v3.2_super,,openchat,,,,,,open,,,,,,,,,,,,,,
opencoderplus,openchat/opencoderplus,,openchat,,,,,,open,,,,,,,,,,,,,,
Llama-3-Refueled,refuelai/Llama-3-Refueled,,refuelai,,,,,,open,,,,,,,,,,,,,,
Aria,rhymes-ai/Aria,,rhymes-ai,,,,,,open,,,,,,,,,,,,,,
Bielik-11B-v2,speakleash/Bielik-11B-v2,,speakleash,,,,,,open,,,,,,,,,,,,,,
Bielik-11B-v2.0-Instruct,speakleash/Bielik-11B-v2.0-Instruct,,speakleash,,,,,,open,,,,,,,,,,,,,,
Bielik-11B-v2.1-Instruct,speakleash/Bielik-11B-v2.1-Instruct,,speakleash,,,,,,open,,,,,,,,,,,,,,
Bielik-11B-v2.2-Instruct,speakleash/Bielik-11B-v2.2-Instruct,,speakleash,,,,,,open,,,,,,,,,,,,,,
Bielik-11B-v2.3-Instruct,speakleash/Bielik-11B-v2.3-Instruct,,speakleash,,,,,,open,,,,,,,,,,,,,,
StableBeluga-13B,stabilityai/StableBeluga-13B,,stabilityai,,,,,,open,,,,,,,,,,,,,,
StableBeluga-7B,stabilityai/StableBeluga-7B,,stabilityai,,,,,,open,,,,,,,,,,,,,,
StableBeluga1-Delta,stabilityai/StableBeluga1-Delta,,stabilityai,,,,,,open,,,,,,,,,,,,,,
StableBeluga2,stabilityai/StableBeluga2,,stabilityai,,,,,,open,,,,,,,,,,,,,,
japanese-stablelm-base-gamma-7b,stabilityai/japanese-stablelm-base-gamma-7b,,stabilityai,,,,,,open,,,,,,,,,,,,,,
japanese-stablelm-instruct-gamma-7b,stabilityai/japanese-stablelm-instruct-gamma-7b,,stabilityai,,,,,,open,,,,,,,,,,,,,,
stable-code-3b,stabilityai/stable-code-3b,,stabilityai,,,,,,open,,,,,,,,,,,,,,
stablelm-2-12b,stabilityai/stablelm-2-12b,,stabilityai,,,,,,open,,,,,,,,,,,,,,
stablelm-2-12b-chat,stabilityai/stablelm-2-12b-chat,,stabilityai,,,,,,open,,,,,,,,,,,,,,
stablelm-2-1_6b,stabilityai/stablelm-2-1_6b,,stabilityai,,,,,,open,,,,,,,,,,,,,,
stablelm-2-1_6b-chat,stabilityai/stablelm-2-1_6b-chat,,stabilityai,,,,,,open,,,,,,,,,,,,,,
stablelm-2-zephyr-1_6b,stabilityai/stablelm-2-zephyr-1_6b,,stabilityai,,,,,,open,,,,,,,,,,,,,,
stablelm-3b-4e1t,stabilityai/stablelm-3b-4e1t,,stabilityai,,,,,,open,,,,,,,,,,,,,,
stablelm-base-alpha-3b,stabilityai/stablelm-base-alpha-3b,,stabilityai,,,,,,open,,,,,,,,,,,,,,
stablelm-base-alpha-7b,stabilityai/stablelm-base-alpha-7b,,stabilityai,,,,,,open,,,,,,,,,,,,,,
stablelm-base-alpha-7b-v2,stabilityai/stablelm-base-alpha-7b-v2,,stabilityai,,,,,,open,,,,,,,,,,,,,,
stablelm-tuned-alpha-3b,stabilityai/stablelm-tuned-alpha-3b,,stabilityai,,,,,,open,,,,,,,,,,,,,,
stablelm-tuned-alpha-7b,stabilityai/stablelm-tuned-alpha-7b,,stabilityai,,,,,,open,,,,,,,,,,,,,,
stablelm-zephyr-3b,stabilityai/stablelm-zephyr-3b,,stabilityai,,,,,,open,,,,,,,,,,,,,,
CollectiveCognition-v1-Mistral-7B,teknium/CollectiveCognition-v1-Mistral-7B,,teknium,,,,,,open,,,,,,,,,,,,,,
CollectiveCognition-v1.1-Mistral-7B,teknium/CollectiveCognition-v1.1-Mistral-7B,,teknium,,,,,,open,,,,,,,,,,,,,,
Mistral-Trismegistus-7B,teknium/Mistral-Trismegistus-7B,,teknium,,,,,,open,,,,,,,,,,,,,,
OpenHermes-13B,teknium/OpenHermes-13B,,teknium,,,,,,open,,,,,,,,,,,,,,
OpenHermes-2-Mistral-7B,teknium/OpenHermes-2-Mistral-7B,,teknium,,,,,,open,,,,,,,,,,,,,,
OpenHermes-2.5-Mistral-7B,teknium/OpenHermes-2.5-Mistral-7B,,teknium,,,,,,open,,,,,,,,,,,,,,
OpenHermes-7B,teknium/OpenHermes-7B,,teknium,,,,,,open,,,,,,,,,,,,,,
Falcon3-10B-Base,tiiuae/Falcon3-10B-Base,,TII UAE,,,,,,open,,,,,,,,,,,,,,
Falcon3-10B-Instruct,tiiuae/Falcon3-10B-Instruct,,TII UAE,,,,,,open,,,,,,,,,,,,,,
Falcon3-1B-Base,tiiuae/Falcon3-1B-Base,,TII UAE,,,,,,open,,,,,,,,,,,,,,
Falcon3-1B-Instruct,tiiuae/Falcon3-1B-Instruct,,TII UAE,,,,,,open,,,,,,,,,,,,,,
Falcon3-3B-Base,tiiuae/Falcon3-3B-Base,,TII UAE,,,,,,open,,,,,,,,,,,,,,
Falcon3-3B-Instruct,tiiuae/Falcon3-3B-Instruct,,TII UAE,,,,,,open,,,,,,,,,,,,,,
Falcon3-7B-Base,tiiuae/Falcon3-7B-Base,,TII UAE,,,,,,open,,,,,,,,,,,,,,
Falcon3-7B-Instruct,tiiuae/Falcon3-7B-Instruct,,TII UAE,,,,,,open,,,,,,,,,,,,,,
Falcon3-Mamba-7B-Base,tiiuae/Falcon3-Mamba-7B-Base,,TII UAE,,,,,,open,,,,,,,,,,,,,,
Falcon3-Mamba-7B-Instruct,tiiuae/Falcon3-Mamba-7B-Instruct,,TII UAE,,,,,,open,,,,,,,,,,,,,,
falcon-11B,tiiuae/falcon-11B,,TII UAE,,,,,,open,,,,,,,,,,,,,,
falcon-180B,tiiuae/falcon-180B,,TII UAE,,,,,,open,,,,,,,,,,,,,,
falcon-40b,tiiuae/falcon-40b,,TII UAE,,,,,,open,,,,,,,,,,,,,,
falcon-40b-instruct,tiiuae/falcon-40b-instruct,,TII UAE,,,,,,open,,,,,,,,,,,,,,
falcon-7b,tiiuae/falcon-7b,,TII UAE,,,,,,open,,,,,,,,,,,,,,
falcon-7b-instruct,tiiuae/falcon-7b-instruct,,TII UAE,,,,,,open,,,,,,,,,,,,,,
falcon-mamba-7b,tiiuae/falcon-mamba-7b,,TII UAE,,,,,,open,,,,,,,,,,,,,,
falcon-rw-1b,tiiuae/falcon-rw-1b,,TII UAE,,,,,,open,,,,,,,,,,,,,,
GPT-JT-6B-v0,togethercomputer/GPT-JT-6B-v0,,togethercomputer,,,,,,open,,,,,,,,,,,,,,
GPT-JT-6B-v1,togethercomputer/GPT-JT-6B-v1,,togethercomputer,,,,,,open,,,,,,,,,,,,,,
GPT-JT-Moderation-6B,togethercomputer/GPT-JT-Moderation-6B,,togethercomputer,,,,,,open,,,,,,,,,,,,,,
GPT-NeoXT-Chat-Base-20B,togethercomputer/GPT-NeoXT-Chat-Base-20B,,togethercomputer,,,,,,open,,,,,,,,,,,,,,
LLaMA-2-7B-32K,togethercomputer/LLaMA-2-7B-32K,,togethercomputer,,,,,,open,,,,,,,,,,,,,,
Llama-2-7B-32K-Instruct,togethercomputer/Llama-2-7B-32K-Instruct,,togethercomputer,,,,,,open,,,,,,,,,,,,,,
Pythia-Chat-Base-7B,togethercomputer/Pythia-Chat-Base-7B,,togethercomputer,,,,,,open,,,,,,,,,,,,,,
RedPajama-INCITE-7B-Base,togethercomputer/RedPajama-INCITE-7B-Base,,togethercomputer,,,,,,open,,,,,,,,,,,,,,
RedPajama-INCITE-7B-Chat,togethercomputer/RedPajama-INCITE-7B-Chat,,togethercomputer,,,,,,open,,,,,,,,,,,,,,
RedPajama-INCITE-7B-Instruct,togethercomputer/RedPajama-INCITE-7B-Instruct,,togethercomputer,,,,,,open,,,,,,,,,,,,,,
RedPajama-INCITE-Base-3B-v1,togethercomputer/RedPajama-INCITE-Base-3B-v1,,togethercomputer,,,,,,open,,,,,,,,,,,,,,
RedPajama-INCITE-Base-7B-v0.1,togethercomputer/RedPajama-INCITE-Base-7B-v0.1,,togethercomputer,,,,,,open,,,,,,,,,,,,,,
RedPajama-INCITE-Chat-3B-v1,togethercomputer/RedPajama-INCITE-Chat-3B-v1,,togethercomputer,,,,,,open,,,,,,,,,,,,,,
RedPajama-INCITE-Chat-7B-v0.1,togethercomputer/RedPajama-INCITE-Chat-7B-v0.1,,togethercomputer,,,,,,open,,,,,,,,,,,,,,
RedPajama-INCITE-Instruct-3B-v1,togethercomputer/RedPajama-INCITE-Instruct-3B-v1,,togethercomputer,,,,,,open,,,,,,,,,,,,,,
RedPajama-INCITE-Instruct-7B-v0.1,togethercomputer/RedPajama-INCITE-Instruct-7B-v0.1,,togethercomputer,,,,,,open,,,,,,,,,,,,,,
Llama-2-70b-instruct,upstage/Llama-2-70b-instruct,,upstage,,,,,,open,,,,,,,,,,,,,,
SOLAR-0-70b-16bit,upstage/SOLAR-0-70b-16bit,,upstage,,,,,,open,,,,,,,,,,,,,,
SOLAR-10.7B-Instruct-v1.0,upstage/SOLAR-10.7B-Instruct-v1.0,,upstage,,,,,,open,,,,,,,,,,,,,,
SOLAR-10.7B-v1.0,upstage/SOLAR-10.7B-v1.0,,upstage,,,,,,open,,,,,,,,,,,,,,
llama-30b-instruct,upstage/llama-30b-instruct,,upstage,,,,,,open,,,,,,,,,,,,,,
llama-30b-instruct-2048,upstage/llama-30b-instruct-2048,,upstage,,,,,,open,,,,,,,,,,,,,,
llama-65b-instruct,upstage/llama-65b-instruct,,upstage,,,,,,open,,,,,,,,,,,,,,
solar-pro-preview-instruct,upstage/solar-pro-preview-instruct,,upstage,,,,,,open,,,,,,,,,,,,,,
Mistral Small 4,Mistral Small 4,mistral,Mistral AI,,,,,,closed,,,,,,,,,,,,,,
Mistral Small 3.2 24B Instruct,Mistral Small 3.2 24B Instruct,mistral,Mistral AI,,,,,,closed,,,,,,,,,,,,,,
codellama-34b,CodeLlama-34B,Llama,Meta,,,,,,open,34.0,,,,,,,,,,,,,
semcoder-6.7b,SemCoder-6.7B,,,,,,,,open,6.7,,,,,,,,,,,,,
semcoder-s-6.7b,SemCoder-S-6.7B,,,,,,,,open,6.7,,,,,,,,,,,,,
Qwen3-4B,Qwen3 4B,Qwen 3,Alibaba Cloud,,,,,,open,4.0,,,,,,,,,,,,,
LLaVA-NeXT-72B,LLaVA-NeXT-72B,llava,Salesforce / LLaVA Team,72B,,0,0,,open,72B,open,multimodal,,,,,,,,,,72.0
GPT-3.5-Turbo-1106,GPT-3.5-Turbo-1106,gpt,OpenAI,,,0,0,,closed,,closed,text,,2023,openai_api,https://api.openai.com/v1,,,,,,
GPT-5-mini,GPT-5-mini,gpt,OpenAI,,,0,0,,closed,,closed,,,2025,openai_api,,,,,,,
DeepSeek-reasoner,DeepSeek-reasoner,deepseek,DeepSeek AI,,,0,0,,closed,,closed,,,2025,openrouter_api,,,,,,,
Phi-3-Vision,Phi-3-Vision,phi,Microsoft,4.15B,,0,0,,open,4.15B,open,multimodal,,2024,huggingface,,,,,,,4.15
Gemma-3,Gemma-3,gemma,Google,4.3B,,0,0,,open,4.3B,open,,,2025,google_api,,,,,,,4.3
MiniCPM,MiniCPM,minicpm,OpenGVLab / SenseTime,3.43B,,0,0,,open,3.43B,open,multimodal,,2024,huggingface,,,,,,,3.43
chatgpt5,ChatGPT-5,gpt,OpenAI,,closed,,,,closed,2025,,closed,,2025,,,OpenAI,2025,,,,,
chatgpt5_mini,ChatGPT-5-mini,gpt,OpenAI,,closed,,,,closed,2025,,closed,,2025,,,OpenAI,2025,,,,,
gemini_2.5_flash,Gemini 2.5 Flash,gemini,Google,,closed,,,,closed,2025,,closed,,2025,,,Google,2025,,,,,
qwen3_vl_235b,Qwen3-VL-235B-A22B-Instruct,qwen3-vl,Qwen Team,235B,closed,,,,closed,2025,,closed,,2025,,,Alibaba Cloud,2025,MoE,,,,
qwen3_0.6b,Qwen3-0.6B,qwen3,Qwen Team,0.6B,open,,,,open,0.6,,open,,2025,,,Alibaba Cloud,2025,,,,,
qwen3_1.7b,Qwen3-1.7B,qwen3,Qwen Team,1.7B,open,,,,open,1.7,,open,,2025,,,Alibaba Cloud,2025,,,,,
qwen3_4b,Qwen3-4B,qwen3,Qwen Team,4B,open,,,,open,4,,open,,2025,,,Alibaba Cloud,2025,,,,,
qwen3_max,Qwen3-Max,qwen3,Qwen Team,,closed,,,,closed,2025,,closed,,2025,,,Alibaba Cloud,2025,,,,,
qwen2.5_vl_3b,Qwen2.5-VL-3B-Instruct,qwen2.5-vl,Qwen Team,3B,open,,,,open,3,,open,,2024,,,Alibaba Cloud,2024,VL,,,,
qwen2.5_vl_7b,Qwen2.5-VL-7B-Instruct,qwen2.5-vl,Qwen Team,7B,open,,,,open,7,,open,,2024,,,Alibaba Cloud,2024,VL,,,,
qwen2.5_vl_32b,Qwen2.5-VL-32B-Instruct,qwen2.5-vl,Qwen Team,32B,open,,,,open,32,,open,,2024,,,Alibaba Cloud,2024,VL,,,,
qwen2.5_vl_72b,Qwen2.5-VL-72B-Instruct,qwen2.5-vl,Qwen Team,72B,open,,,,open,72,,open,,2024,,,Alibaba Cloud,2024,VL,,,,
llama_4_scout,Llama 4 Scout,llama,Meta,,open,,,,open,2025,,open,,2025,,,Meta AI,2025,,,,,
ernie_bot,ERNIE-Bot,ernie,Baidu,,closed,,,,closed,2024,,closed,,2024,,,Baidu,2024,,,,,
claude_instant_1.2,Claude-instant-1.2,claude,Anthropic,,closed,,,,closed,2023,,closed,,2023,,,Anthropic,2023,,,,,
xuanYuan_70b,XuanYuan-70B,xuanyuan,Tsinghua University,70B,open,,,,open,70,,open,,2023,,,Tsinghua University,2023,,,,,
educhat_base_13b,educhat-base-002-13B,educhat,,13B,open,,,,open,13,,open,,2023,,,,2023,,,,,
chatmusician_base,ChatMusician-Base,chatmusician,,,open,,,,open,2023,,open,,2023,,,,2023,,,,,
ziya_llama_13b,Ziya-LLaMA-13B-v1.1,ziya,,13B,open,,,,open,13,,open,LLaMA-13B,2023,,,,2023,,,,,
qwen_7b_base,Qwen-7B-Base,qwen,Qwen Team,7B,open,,,,open,7,,open,,2023,,,Alibaba Cloud,2023,,,,,
qwen_14b_base,Qwen-14B-Base,qwen,Qwen Team,14B,open,,,,open,14,,open,,2023,,,Alibaba Cloud,2023,,,,,
xverse_13b,XVERSE-13B,xverse,01.AI,13B,open,,,,open,13,,open,,2023,,,01.AI,2023,,,,,
xverse_7b,XVERSE-7B,xverse,01.AI,7B,open,,,,open,7,,open,,2023,,,01.AI,2023,,,,,
baichuan2_7b_base,Baichuan2-7B-Base,baichuan2,Baichuan Intelligence,7B,open,,,,open,7,,open,,2023,,,Baichuan Intelligence,2023,,,,,
baichuan2_13b_base,Baichuan2-13B-Base,baichuan2,Baichuan Intelligence,13B,open,,,,open,13,,open,,2023,,,Baichuan Intelligence,2023,,,,,
baichuan_13b_base,Baichuan-13B-Base,baichuan,Baichuan Intelligence,13B,open,,,,open,13,,open,,2023,,,Baichuan Intelligence,2023,,,,,
baichuan_7b_base,Baichuan-7B-Base,baichuan,Baichuan Intelligence,7B,open,,,,open,7,,open,,2023,,,Baichuan Intelligence,2023,,,,,
internlm_7b,InternLM-7B,internlm,Shanghai AI Laboratory,7B,open,,,,open,7,,open,,2023,,,Shanghai AI Laboratory,2023,,,,,
internlm_20b,InternLM-20B,internlm,Shanghai AI Laboratory,20B,open,,,,open,20,,open,,2023,,,Shanghai AI Laboratory,2023,,,,,
m2ugen,M2UGen,m2ugen,,,open,,,,open,2024,,open,,2024,,,,2024,MERT encoder + LLaMA-2 7B,,,,
mullama,MuLLaMa,mullama,,,open,,,,open,2024,,open,,2024,,,,2024,MERT encoder + LLaMA-2 7B,,,,
musilingo,MusiLingo,musilingo,,,open,,,,open,2024,,open,,2024,,,,2024,MERT encoder + Vicuna 7B,,,,
