benchmark_id,benchmark_name,abbreviation,year,venue,category,subcategory,paper_url,github_url,hf_url,languages_count,languages,cultures_regions,task_types,metrics,dataset_size,annotation_method,key_finding,notes,other_url,description,task_type,domain,source_url,title,acronym,huggingface_url,language_count,geography,metric_type,data_source,organization,name,release_date,paper_title,source_type,source_name
boolq,BoolQ,,2023,NeurIPS 2023,General Knowledge,,,,,,,,,EM,,,,,,"The BoolQ benchmark for binary (yes/no) question answering (Clark et al., 2019).",,,https://crfm.stanford.edu/helm/classic/latest/#/leaderboard/boolq,,,,,,,,Stanford CRFM,,,,leaderboard,Stanford HELM Classic
narrative_qa,NarrativeQA,,2023,NeurIPS 2023,General Knowledge,,,,,,,,,F1,,,,,,"The NarrativeQA benchmark for reading comprehension over narratives (Kočiský et al., 2017).",,,https://crfm.stanford.edu/helm/classic/latest/#/leaderboard/narrative_qa,,,,,,,,Stanford CRFM,,,,leaderboard,Stanford HELM Classic
natural_qa_closedbook,NaturalQuestions (closed-book),,2023,NeurIPS 2023,General Knowledge,,,,,,,,,F1,,,,,,"The NaturalQuestions (Kwiatkowski et al., 2019) benchmark for question answering based on naturally-occurring queries through Google Search. The input does not include the Wikipedia page with the answer.",,,https://crfm.stanford.edu/helm/classic/latest/#/leaderboard/natural_qa_closedbook,,,,,,,,Stanford CRFM,,,,leaderboard,Stanford HELM Classic
natural_qa_openbook_longans,NaturalQuestions (open-book),,2023,NeurIPS 2023,General Knowledge,,,,,,,,,F1,,,,,,"The NaturalQuestions (Kwiatkowski et al., 2019) benchmark for question answering based on naturally-occurring queries through Google Search. The input includes the Wikipedia page with the answer.",,,https://crfm.stanford.edu/helm/classic/latest/#/leaderboard/natural_qa_openbook_longans,,,,,,,,Stanford CRFM,,,,leaderboard,Stanford HELM Classic
quac,QuAC (Question Answering in Context),,2023,NeurIPS 2023,General Knowledge,,,,,,,,,F1,,,,,,"The QuAC benchmark for question answering in the context of dialogues (Choi et al., 2018).",,,https://crfm.stanford.edu/helm/classic/latest/#/leaderboard/quac,,,,,,,,Stanford CRFM,,,,leaderboard,Stanford HELM Classic
hellaswag,HellaSwag,,2023,NeurIPS 2023,Reasoning,,,,,,,,,EM,,,,,,"The HellaSwag benchmark for commonsense reasoning in question answering (Zellers et al., 2019).",,,https://crfm.stanford.edu/helm/classic/latest/#/leaderboard/hellaswag,,,,,,,,Stanford CRFM,,,,leaderboard,Stanford HELM Classic
openbookqa,OpenbookQA,,2023,NeurIPS 2023,General Knowledge,,,,,,,,,EM,,,,,,"The OpenbookQA benchmark for commonsense-intensive open book question answering (Mihaylov et al., 2018).",,,https://crfm.stanford.edu/helm/classic/latest/#/leaderboard/openbookqa,,,,,,,,Stanford CRFM,,,,leaderboard,Stanford HELM Classic
truthful_qa,TruthfulQA,,2023,NeurIPS 2023,Alignment & Safety,,,,,,,,,EM,,,,,,"The TruthfulQA benchmarking for measuring model truthfulness and commonsense knowledge in question answering (Lin et al., 2022).",,,https://crfm.stanford.edu/helm/classic/latest/#/leaderboard/truthful_qa,,,,,,,,Stanford CRFM,,,,leaderboard,Stanford HELM Classic
mmlu,MMLU (Massive Multitask Language Understanding),,2023,NeurIPS 2023,General Knowledge,,,,,,,,,EM,,,,,,"The Massive Multitask Language Understanding (MMLU) benchmark for knowledge-intensive question answering across 57 domains (Hendrycks et al., 2021).",,,https://crfm.stanford.edu/helm/classic/latest/#/leaderboard/mmlu,,,,,,,,Stanford CRFM,,,,leaderboard,Stanford HELM Classic
msmarco_regular,MS MARCO (regular track),,2023,NeurIPS 2023,General Knowledge,,,,,,,,,RR@10,,,,,,The MS MARCO benchmark's regular track for passage retrieval in information retrieval (https://microsoft.github.io/msmarco/).,,,https://crfm.stanford.edu/helm/classic/latest/#/leaderboard/msmarco_regular,,,,,,,,Stanford CRFM,,,,leaderboard,Stanford HELM Classic
msmarco_trec,MS MARCO (TREC track),,2023,NeurIPS 2023,General Knowledge,,,,,,,,,NDCG@10,,,,,,The MS MARCO benchmark's deep learning TREC track for passage retrieval in information retrieval (https://trec.nist.gov).,,,https://crfm.stanford.edu/helm/classic/latest/#/leaderboard/msmarco_trec,,,,,,,,Stanford CRFM,,,,leaderboard,Stanford HELM Classic
summarization_cnndm,CNN/DailyMail,,2023,NeurIPS 2023,Reasoning,,,,,,,,,ROUGE-2,,,,,,"The CNN/DailyMail benchmark for text summarization (Hermann et al., 2015; Nallapati et al.,2016).",,,https://crfm.stanford.edu/helm/classic/latest/#/leaderboard/summarization_cnndm,,,,,,,,Stanford CRFM,,,,leaderboard,Stanford HELM Classic
summarization_xsum,XSUM,,2023,NeurIPS 2023,Reasoning,,,,,,,,,ROUGE-2,,,,,,"The XSUM benchmark for text summarization of BBC news articles (Narayan et al., 2018).",,,https://crfm.stanford.edu/helm/classic/latest/#/leaderboard/summarization_xsum,,,,,,,,Stanford CRFM,,,,leaderboard,Stanford HELM Classic
imdb,IMDB,,2023,NeurIPS 2023,General Knowledge,,,,,,,,,EM,,,,,,"The IMDB benchmark for sentiment analysis in movie review (Maas et al., 2011).",,,https://crfm.stanford.edu/helm/classic/latest/#/leaderboard/imdb,,,,,,,,Stanford CRFM,,,,leaderboard,Stanford HELM Classic
raft,RAFT (Real-world Annotated Few-Shot),,2023,NeurIPS 2023,General Knowledge,,,,,,,,,EM,,,,,,"The Real-world annotated few-shot (RAFT) meta-benchmark of 11 real-world text classification tasks (Alex et al., 2021).",,,https://crfm.stanford.edu/helm/classic/latest/#/leaderboard/raft,,,,,,,,Stanford CRFM,,,,leaderboard,Stanford HELM Classic
civil_comments,CivilComments,,2023,NeurIPS 2023,Alignment & Safety,,,,,,,,,EM,,,,,,"The CivilComments benchmark for toxicity detection (Borkan et al., 2019).",,,https://crfm.stanford.edu/helm/classic/latest/#/leaderboard/civil_comments,,,,,,,,Stanford CRFM,,,,leaderboard,Stanford HELM Classic
ice,ICE (International Corpus of English),,2023,NeurIPS 2023,General Knowledge,,,,,,,,,BPB,,,,,,"The International Corpus of English (ICE) drawn from English speakers from various places in the world, initiated by Greenbaum (1991).",,,https://crfm.stanford.edu/helm/classic/latest/#/leaderboard/ice,,,,,,,,Stanford CRFM,,,,leaderboard,Stanford HELM Classic
the_pile,The Pile,,2023,NeurIPS 2023,General Knowledge,,,,,,,,,BPB,,,,,,"The Pile corpus for measuring lanugage model performance across various domains (Gao et al., 2020).",,,https://crfm.stanford.edu/helm/classic/latest/#/leaderboard/the_pile,,,,,,,,Stanford CRFM,,,,leaderboard,Stanford HELM Classic
twitter_aae,TwitterAAE,,2023,NeurIPS 2023,General Knowledge,,,,,,,,,BPB,,,,,,The TwitterAAE corpus of Blodgett et al. (2016) for measuring language model performance in tweets as a function of speaker dialect.,,,https://crfm.stanford.edu/helm/classic/latest/#/leaderboard/twitter_aae,,,,,,,,Stanford CRFM,,,,leaderboard,Stanford HELM Classic
twitter_aae_aa,TwitterAAE (AA),,2023,NeurIPS 2023,General Knowledge,,,,,,,,,BPB,,,,,,The TwitterAAE corpus of Blodgett et al. (2016) for measuring language model performance on African-American-aligned Tweets.,,,https://crfm.stanford.edu/helm/classic/latest/#/leaderboard/twitter_aae_aa,,,,,,,,Stanford CRFM,,,,leaderboard,Stanford HELM Classic
twitter_aae_white,TwitterAAE (white),,2023,NeurIPS 2023,General Knowledge,,,,,,,,,BPB,,,,,,The TwitterAAE corpus of Blodgett et al. (2016) for measuring language model performance on White-aligned Tweets.,,,https://crfm.stanford.edu/helm/classic/latest/#/leaderboard/twitter_aae_white,,,,,,,,Stanford CRFM,,,,leaderboard,Stanford HELM Classic
blimp,BLiMP (The Benchmark of Linguistic Minimal Pairs for English),,2023,NeurIPS 2023,Cognitive Science,,,,,,,,,EM,,,,,,"The Benchmark of Linguistic Minimal Pairs for English (BLiMP) for measuring performance on linguistic phenomena using minimal pair design (Warstadt et al., 2020).",,,https://crfm.stanford.edu/helm/classic/latest/#/leaderboard/blimp,,,,,,,,Stanford CRFM,,,,leaderboard,Stanford HELM Classic
wikifact,WikiFact,,2023,NeurIPS 2023,General Knowledge,,,,,,,,,EM,,,,,,"Scenario introduced in this work, inspired by Petroni et al. (2019), to more extensively test factual knowledge.",,,https://crfm.stanford.edu/helm/classic/latest/#/leaderboard/wikifact,,,,,,,,Stanford CRFM,,,,leaderboard,Stanford HELM Classic
babi_qa,bAbI,,2023,NeurIPS 2023,Reasoning,,,,,,,,,EM,,,,,,"The bAbI benchmark for measuring understanding and reasoning (Weston et al., 2015).",,,https://crfm.stanford.edu/helm/classic/latest/#/leaderboard/babi_qa,,,,,,,,Stanford CRFM,,,,leaderboard,Stanford HELM Classic
dyck_language,Dyck,,2023,NeurIPS 2023,Reasoning,,,,,,,,,EM,,,,,,"Scenario testing hierarchical reasoning through the Dyck formal languages (Suzgun et al., 2019).",,,https://crfm.stanford.edu/helm/classic/latest/#/leaderboard/dyck_language,,,,,,,,Stanford CRFM,,,,leaderboard,Stanford HELM Classic
synthetic_reasoning,Synthetic reasoning (abstract symbols),,2023,NeurIPS 2023,Reasoning,,,,,,,,,EM,,,,,,"Synthetic reasoning tasks defined using abstract symbols based on LIME (Wu et al., 2021).",,,https://crfm.stanford.edu/helm/classic/latest/#/leaderboard/synthetic_reasoning,,,,,,,,Stanford CRFM,,,,leaderboard,Stanford HELM Classic
synthetic_reasoning_natural,Synthetic reasoning (natural language),,2023,NeurIPS 2023,Reasoning,,,,,,,,,F1,,,,,,"Synthetic reasoning tasks defined using simple natural language based on LIME (Wu et al., 2021).",,,https://crfm.stanford.edu/helm/classic/latest/#/leaderboard/synthetic_reasoning_natural,,,,,,,,Stanford CRFM,,,,leaderboard,Stanford HELM Classic
gsm,GSM8K (Grade school math word problems),,2023,NeurIPS 2023,Math,,,,,,,,,EM,,,,,,"The grade school math word problems dataset (GSM8K) for testing mathematical reasoning on grade-school math problems (Cobbe et al., 2021).",,,https://crfm.stanford.edu/helm/classic/latest/#/leaderboard/gsm,,,,,,,,Stanford CRFM,,,,leaderboard,Stanford HELM Classic
math_regular,MATH,,2023,NeurIPS 2023,Math,,,,,,,,,Equivalent,,,,,,"The MATH benchmark for measuring mathematical problem solving on competition math problems (Hendrycks et al., 2021).",,,https://crfm.stanford.edu/helm/classic/latest/#/leaderboard/math_regular,,,,,,,,Stanford CRFM,,,,leaderboard,Stanford HELM Classic
math_chain_of_thought,MATH (chain-of-thoughts),,2023,NeurIPS 2023,Math,,,,,,,,,Equivalent (chain of thought),,,,,,"The MATH benchmark for measuring mathematical problem solving on competition math problems with chain-of-thoughts style reasoning (Hendrycks et al., 2021).",,,https://crfm.stanford.edu/helm/classic/latest/#/leaderboard/math_chain_of_thought,,,,,,,,Stanford CRFM,,,,leaderboard,Stanford HELM Classic
code_humaneval,HumanEval (Code),,2023,NeurIPS 2023,Coding,,,,,,,,,pass@1,,,,,,"The HumanEval benchmark for measuring functional correctness for synthesizing programs from docstrings (Chen et al., 2021).",,,https://crfm.stanford.edu/helm/classic/latest/#/leaderboard/code_humaneval,,,,,,,,Stanford CRFM,,,,leaderboard,Stanford HELM Classic
legal_support,LegalSupport,,2023,NeurIPS 2023,Reasoning,,,,,,,,,EM,,,,,,Scenario introduced in this work to measure fine-grained legal reasoning through reverse entailment.,,,https://crfm.stanford.edu/helm/classic/latest/#/leaderboard/legal_support,,,,,,,,Stanford CRFM,,,,leaderboard,Stanford HELM Classic
lsat_qa,LSAT,,2023,NeurIPS 2023,Reasoning,,,,,,,,,EM,,,,,,"The LSAT benchmark for measuring analytical reasoning on the Law School Admission Test (LSAT; Zhong et al., 2021).",,,https://crfm.stanford.edu/helm/classic/latest/#/leaderboard/lsat_qa,,,,,,,,Stanford CRFM,,,,leaderboard,Stanford HELM Classic
entity_data_imputation,Data imputation,,2023,NeurIPS 2023,General Knowledge,,,,,,,,,EM,,,,,,Scenario from Mei et al. (2021) that tests the ability to impute missing entities in a data table.,,,https://crfm.stanford.edu/helm/classic/latest/#/leaderboard/entity_data_imputation,,,,,,,,Stanford CRFM,,,,leaderboard,Stanford HELM Classic
entity_matching,Entity matching,,2023,NeurIPS 2023,General Knowledge,,,,,,,,,EM,,,,,,"Scenario from Magellan (Konda et al., 2016) that tests the ability to determine if two entities match.",,,https://crfm.stanford.edu/helm/classic/latest/#/leaderboard/entity_matching,,,,,,,,Stanford CRFM,,,,leaderboard,Stanford HELM Classic
copyright_text,Copyright (text),,2023,NeurIPS 2023,Alignment & Safety,,,,,,,,,LCS,,,,,,"Scenario introduced in this work to measure copyright and memorization behavior for books, based off of Carlini et al. (2021).",,,https://crfm.stanford.edu/helm/classic/latest/#/leaderboard/copyright_text,,,,,,,,Stanford CRFM,,,,leaderboard,Stanford HELM Classic
copyright_code,Copyright (code),,2023,NeurIPS 2023,Alignment & Safety,,,,,,,,,LCS,,,,,,"Scenario introduced in this work to measure copyright and memorization behavior for code, based off of Carlini et al. (2021).",,,https://crfm.stanford.edu/helm/classic/latest/#/leaderboard/copyright_code,,,,,,,,Stanford CRFM,,,,leaderboard,Stanford HELM Classic
disinformation_reiteration,Disinformation (reiteration),,2023,NeurIPS 2023,Alignment & Safety,,,,,,,,,Self-BLEU,,,,,,Scenario from Buchanan et al. (2021) that tests the ability to reiterate disinformation content.,,,https://crfm.stanford.edu/helm/classic/latest/#/leaderboard/disinformation_reiteration,,,,,,,,Stanford CRFM,,,,leaderboard,Stanford HELM Classic
disinformation_wedging,Disinformation (wedging),,2023,NeurIPS 2023,Alignment & Safety,,,,,,,,,Self-BLEU,,,,,,Scenario from Buchanan et al. (2021) that tests the ability to generate divisive and wedging content.,,,https://crfm.stanford.edu/helm/classic/latest/#/leaderboard/disinformation_wedging,,,,,,,,Stanford CRFM,,,,leaderboard,Stanford HELM Classic
bbq,BBQ (Bias Benchmark for Question Answering),,2023,NeurIPS 2023,Alignment & Safety,,,,,,,,,EM,,,,,,"The Bias Benchmark for Question Answering (BBQ) for measuring social bias in question answering in ambiguous and unambigous context (Parrish et al., 2022).",,,https://crfm.stanford.edu/helm/classic/latest/#/leaderboard/bbq,,,,,,,,Stanford CRFM,,,,leaderboard,Stanford HELM Classic
bold,BOLD (Bias in Open-Ended Language Generation Dataset),,2023,NeurIPS 2023,Alignment & Safety,,,,,,,,,Toxic fraction,,,,,,"The Bias in Open-Ended Language Generation Dataset (BOLD) for measuring biases and toxicity in open-ended language generation (Dhamala et al., 2021).",,,https://crfm.stanford.edu/helm/classic/latest/#/leaderboard/bold,,,,,,,,Stanford CRFM,,,,leaderboard,Stanford HELM Classic
real_toxicity_prompts,RealToxicityPrompts,,2023,NeurIPS 2023,Alignment & Safety,,,,,,,,,Toxic fraction,,,,,,"The RealToxicityPrompts dataset for measuring toxicity in prompted model generations (Gehman et al., 2020).",,,https://crfm.stanford.edu/helm/classic/latest/#/leaderboard/real_toxicity_prompts,,,,,,,,Stanford CRFM,,,,leaderboard,Stanford HELM Classic
legalbench,LegalBench,,2024,arXiv 2024,Reasoning,,,,,,,,,EM,,,,,,"LegalBench is a large collaboratively constructed benchmark of legal reasoning tasks (Guha et al, 2023).",,,https://crfm.stanford.edu/helm/lite/latest/#/leaderboard/legalbench,,,,,,,,Stanford CRFM,,,,leaderboard,Stanford HELM Lite
med_qa,MedQA,,2024,arXiv 2024,Medical,,,,,,,,,EM,,,,,,MedQA is an open domain question answering dataset composed of questions from professional medical board exams (Jin et al. 2020).,,,https://crfm.stanford.edu/helm/lite/latest/#/leaderboard/med_qa,,,,,,,,Stanford CRFM,,,,leaderboard,Stanford HELM Lite
wmt_14,WMT 2014,,2024,arXiv 2024,Machine Translation,,,,,,,,,BLEU-4,,,,,,WMT 2014 is a collection of machine translation datasets (website).,,,https://crfm.stanford.edu/helm/lite/latest/#/leaderboard/wmt_14,,,,,,,,Stanford CRFM,,,,leaderboard,Stanford HELM Lite
harm_bench,HarmBench,,2024,arXiv 2024,Alignment & Safety,,,,,,,,,LM Evaluated Safety score,,,,,,HarmBench,,,https://crfm.stanford.edu/helm/safety/latest/#/leaderboard/harm_bench,,,,,,,,Stanford CRFM,,,,leaderboard,Stanford HELM Safety
simple_safety_tests,SimpleSafetyTests,,2024,arXiv 2024,Alignment & Safety,,,,,,,,,LM Evaluated Safety score,,,,,,SimpleSafetyTests,,,https://crfm.stanford.edu/helm/safety/latest/#/leaderboard/simple_safety_tests,,,,,,,,Stanford CRFM,,,,leaderboard,Stanford HELM Safety
xstest,XSTest,,2024,arXiv 2024,Alignment & Safety,,,,,,,,,LM Evaluated Safety score,,,,,,XSTest,,,https://crfm.stanford.edu/helm/safety/latest/#/leaderboard/xstest,,,,,,,,Stanford CRFM,,,,leaderboard,Stanford HELM Safety
anthropic_red_team,Anthropic Red Team,,2024,arXiv 2024,Alignment & Safety,,,,,,,,,LM Evaluated Safety score,,,,,,Anthropic Red Team,,,https://crfm.stanford.edu/helm/safety/latest/#/leaderboard/anthropic_red_team,,,,,,,,Stanford CRFM,,,,leaderboard,Stanford HELM Safety
medcalc_bench,MedCalc-Bench,,2024,arXiv 2024,Medical,,,,,,,,,MedCalc Accuracy,,,,,,"MedCalc-Bench is a benchmark designed to evaluate models on their ability to compute clinically relevant values from patient notes. Each instance consists of a clinical note describing the patient's condition, a diagnostic question targeting a specific medical value, and a ground truth response. (Khandekar et al., 2024).",,,https://crfm.stanford.edu/helm/medhelm/latest/#/leaderboard/medcalc_bench,,,,,,,,Stanford CRFM,,,,leaderboard,Stanford MedHELM
clear,CLEAR,,2024,arXiv 2024,Medical,,,,,,,,,EM,,,,,,"CLEAR is a benchmark designed to evaluate models on their ability to detect medical conditions from patient notes using categorical responses. Each instance consists of a clinical note and a target condition, requiring the model to classify the patient's history as either affirmative, negative, or uncertain (Lopez et al., 2025).",,,https://crfm.stanford.edu/helm/medhelm/latest/#/leaderboard/clear,,,,,,,,Stanford CRFM,,,,leaderboard,Stanford MedHELM
mtsamples_replicate,MTSamples,,2024,arXiv 2024,Medical,,,,,,,,,Jury Score,,,,,,"MTSamples Replicate is a benchmark that provides transcribed medical reports from various specialties. It is used to evaluate a model's ability to generate clinically appropriate treatment plans based on unstructured patient documentation (MTSamples, 2025).",,,https://crfm.stanford.edu/helm/medhelm/latest/#/leaderboard/mtsamples_replicate,,,,,,,,Stanford CRFM,,,,leaderboard,Stanford MedHELM
medec,Medec,,2024,arXiv 2024,Medical,,,,,,,,,MedecFlagAcc,,,,,,"Medec is a benchmark composed of clinical narratives that include either correct documentation or medical errors. Each entry includes sentence-level identifiers and an associated correction task. The model must review the narrative and either identify the erroneous sentence and correct it, or confirm that the text is entirely accurate (Abacha et al., 2025).",,,https://crfm.stanford.edu/helm/medhelm/latest/#/leaderboard/medec,,,,,,,,Stanford CRFM,,,,leaderboard,Stanford MedHELM
ehrshot,EHRSHOT,,2024,arXiv 2024,Medical,,,,,,,,,EM,,,,,,"EHRSHOT is a benchmark designed to evaluate a model's ability to predict future clinical events using structured EHR code sequences. Each instance contains a patient's historical EHR data and a forward-looking clinical question about whether a particular diagnosis, lab result, or hospital event will occur (Wornow et al., 2023).",,,https://crfm.stanford.edu/helm/medhelm/latest/#/leaderboard/ehrshot,,,,,,,,Stanford CRFM,,,,leaderboard,Stanford MedHELM
head_qa,HeadQA,,2024,arXiv 2024,Medical,,,,,,,,,EM,,,,,,"HeadQA is a benchmark consisting of biomedical multiple-choice questions intended to evaluate a model's medical knowledge and reasoning. Each instance presents a clinical or scientific question with four answer options, requiring the model to select the most appropriate answer (Vilares et al., 2019).",,,https://crfm.stanford.edu/helm/medhelm/latest/#/leaderboard/head_qa,,,,,,,,Stanford CRFM,,,,leaderboard,Stanford MedHELM
medbullets,Medbullets,,2024,arXiv 2024,Medical,,,,,,,,,EM,,,,,,"Medbullets is a benchmark of USMLE-style medical questions designed to assess a model's ability to understand and apply clinical knowledge. Each question is accompanied by a patient scenario and five multiple-choice options, similar to those found on Step 2 and Step 3 board exams (MedBullets, 2025).",,,https://crfm.stanford.edu/helm/medhelm/latest/#/leaderboard/medbullets,,,,,,,,Stanford CRFM,,,,leaderboard,Stanford MedHELM
med_mcqa,MedMCQA,,2024,arXiv 2024,Medical,,,,,,,,,EM,,,,,,MedMCQA is a multiple-choice question answering (MCQA) dataset designed to address real-world medical entrance exam questions (Flores et al. 2020).,,,https://crfm.stanford.edu/helm/medhelm/latest/#/leaderboard/med_mcqa,,,,,,,,Stanford CRFM,,,,leaderboard,Stanford MedHELM
medalign,MedAlign,,2024,arXiv 2024,Medical,,,,,,,,,Jury Score,,,,,,"MedAlign is a benchmark that evaluates a model's ability to interpret and follow instructions grounded in longitudinal electronic health records (EHR). Each instance includes an event-stream style patient record and a natural language question or task, requiring clinically informed reading comprehension and reasoning (Fleming et al., 2023).",,,https://crfm.stanford.edu/helm/medhelm/latest/#/leaderboard/medalign,,,,,,,,Stanford CRFM,,,,leaderboard,Stanford MedHELM
shc_ptbm_med,ADHD-Behavior,,2024,arXiv 2024,General Knowledge,,,,,,,,,EM,,,,,,"ADHD-Behavior is a benchmark that evaluates a model's ability to detect whether a clinician recommends parent training in behavior management, an evidence-based first-line treatment for young children diagnosed with ADHD. Each instance includes a clinical note from a pediatric visit and a binary classification task (Pillai et al., 2024).",,,https://crfm.stanford.edu/helm/medhelm/latest/#/leaderboard/shc_ptbm_med,,,,,,,,Stanford CRFM,,,,leaderboard,Stanford MedHELM
shc_sei_med,ADHD-MedEffects,,2024,arXiv 2024,General Knowledge,,,,,,,,,EM,,,,,,"ADHD-MedEffects is a benchmark designed to evaluate whether clinical notes for pediatric ADHD visits document medication side effect monitoring, which is a key recommendation in clinical practice guidelines. The dataset supports binary classification to detect presence or absence of side effect inquiries (SEI) within notes (Bannet et al., 2024).",,,https://crfm.stanford.edu/helm/medhelm/latest/#/leaderboard/shc_sei_med,,,,,,,,Stanford CRFM,,,,leaderboard,Stanford MedHELM
dischargeme,DischargeMe,,2024,arXiv 2024,Medical,,,,,,,,,Jury Score,,,,,,"DischargeMe is a benchmark designed to evaluate clinical text generation. It pairs discharge summaries and radiology reports from MIMIC-IV with generation tasks such as writing discharge instructions or summarizing the brief hospital course. The benchmark assesses a model's ability to generate patient-facing documentation that is complete, empathetic, and clinically accurate (Xu, 2024).",,,https://crfm.stanford.edu/helm/medhelm/latest/#/leaderboard/dischargeme,,,,,,,,Stanford CRFM,,,,leaderboard,Stanford MedHELM
aci_bench,ACI-Bench,,2024,arXiv 2024,Medical,,,,,,,,,Jury Score,,,,,,"ACI-Bench is a benchmark of real-world patient-doctor conversations paired with structured clinical notes. The benchmark evaluates a model's ability to understand spoken medical dialogue and convert it into formal clinical documentation, covering sections such as history of present illness, physical exam findings, results, and assessment and plan (Yim et al., 2024).",,,https://crfm.stanford.edu/helm/medhelm/latest/#/leaderboard/aci_bench,,,,,,,,Stanford CRFM,,,,leaderboard,Stanford MedHELM
mtsamples_procedures,MTSamples Procedures,,2024,arXiv 2024,Medical,,,,,,,,,Jury Score,,,,,,"MTSamples Procedures is a benchmark composed of transcribed operative notes, focused on documenting surgical procedures. Each example presents a brief patient case involving a surgical intervention, and the model is tasked with generating a coherent and clinically accurate procedural summary or treatment plan.",,,https://crfm.stanford.edu/helm/medhelm/latest/#/leaderboard/mtsamples_procedures,,,,,,,,Stanford CRFM,,,,leaderboard,Stanford MedHELM
mimic_rrs,MIMIC-RRS,,2024,arXiv 2024,Medical,,,,,,,,,Jury Score,,,,,,"MIMIC-RRS is a benchmark constructed from radiology reports in the MIMIC-III database. It contains pairs of ‘Findings‘ and ‘Impression‘ sections, enabling evaluation of a model's ability to summarize diagnostic imaging observations into concise, clinically relevant conclusions (Chen et al., 2023).",,,https://crfm.stanford.edu/helm/medhelm/latest/#/leaderboard/mimic_rrs,,,,,,,,Stanford CRFM,,,,leaderboard,Stanford MedHELM
mimic_bhc,MIMIC-IV-BHC,,2024,arXiv 2024,Medical,,,,,,,,,Jury Score,,,,,,"MIMIC-BHC is a benchmark focused on summarization of discharge notes into Brief Hospital Course (BHC) sections. It consists of curated discharge notes from MIMIC-IV, each paired with its corresponding BHC summary. The benchmark evaluates a model's ability to condense detailed clinical information into accurate, concise summaries that reflect the patient's hospital stay (Aali et al., 2024).",,,https://crfm.stanford.edu/helm/medhelm/latest/#/leaderboard/mimic_bhc,,,,,,,,Stanford CRFM,,,,leaderboard,Stanford MedHELM
chw_care_plan,NoteExtract,,2024,arXiv 2024,Medical,,,,,,,,,Jury Score,,,,,,"NoteExtract is a benchmark that focuses on the structured extraction of information from free-form clinical text. It provides care plan notes authored by health workers and evaluates a model's ability to convert them into a predefined structured format, such as fields for Chief Complaint and History of Present Illness. The benchmark emphasizes faithful extraction without hallucination or inference.",,,https://crfm.stanford.edu/helm/medhelm/latest/#/leaderboard/chw_care_plan,,,,,,,,Stanford CRFM,,,,leaderboard,Stanford MedHELM
medication_qa,MedicationQA,,2024,arXiv 2024,Medical,,,,,,,,,Jury Score,,,,,,"MedicationQA is a benchmark composed of open-ended consumer health questions specifically focused on medications. Each example consists of a free-form question and a corresponding medically grounded answer. The benchmark evaluates a model's ability to provide accurate, accessible, and informative medication-related responses for a lay audience.",,,https://crfm.stanford.edu/helm/medhelm/latest/#/leaderboard/medication_qa,,,,,,,,Stanford CRFM,,,,leaderboard,Stanford MedHELM
starr_patient_instructions,PatientInstruct,,2024,arXiv 2024,Medical,,,,,,,,,Jury Score,,,,,,"PatientInstruct is a benchmark designed to evaluate models on generating personalized post-procedure instructions for patients. It includes real-world clinical case details, such as diagnosis, planned procedures, and history and physical notes, from which models must produce clear, actionable instructions appropriate for patients recovering from medical interventions.",,,https://crfm.stanford.edu/helm/medhelm/latest/#/leaderboard/starr_patient_instructions,,,,,,,,Stanford CRFM,,,,leaderboard,Stanford MedHELM
med_dialog,MedDialog,,2024,arXiv 2024,Medical,,,,,,,,,Jury Score,,,,,,"MedDialog is a benchmark of real-world doctor-patient conversations focused on health-related concerns and advice. Each dialogue is paired with a one-sentence summary that reflects the core patient question or exchange. The benchmark evaluates a model's ability to condense medical dialogue into concise, informative summaries.",,,https://crfm.stanford.edu/helm/medhelm/latest/#/leaderboard/med_dialog,,,,,,,,Stanford CRFM,,,,leaderboard,Stanford MedHELM
shc_conf_med,MedConfInfo,,2024,arXiv 2024,General Knowledge,,,,,,,,,EM,,,,,,"MedConfInfo is a benchmark comprising clinical notes from adolescent patients. It is used to evaluate whether the content contains sensitive protected health information (PHI) that should be restricted from parental access, in accordance with adolescent confidentiality policies in clinical care. (Rabbani et al., 2024).",,,https://crfm.stanford.edu/helm/medhelm/latest/#/leaderboard/shc_conf_med,,,,,,,,Stanford CRFM,,,,leaderboard,Stanford MedHELM
medi_qa,MEDIQA,,2024,arXiv 2024,Medical,,,,,,,,,Jury Score,,,,,,"MEDIQA is a benchmark designed to evaluate a model's ability to retrieve and generate medically accurate answers to patient-generated questions. Each instance includes a consumer health question, a set of candidate answers (used in ranking tasks), relevance annotations, and optionally, additional context. The benchmark focuses on supporting patient understanding and accessibility in health communication.",,,https://crfm.stanford.edu/helm/medhelm/latest/#/leaderboard/medi_qa,,,,,,,,Stanford CRFM,,,,leaderboard,Stanford MedHELM
mental_health,MentalHealth,,2024,arXiv 2024,Medical,,,,,,,,,Jury Score,,,,,,"MentalHealth is a benchmark focused on evaluating empathetic communication in mental health counseling. It includes real or simulated conversations between patients and counselors, where the task is to generate compassionate and appropriate counselor responses. The benchmark assesses a model's ability to support patients emotionally and meaningfully engage in therapeutic conversations.",,,https://crfm.stanford.edu/helm/medhelm/latest/#/leaderboard/mental_health,,,,,,,,Stanford CRFM,,,,leaderboard,Stanford MedHELM
shc_proxy_med,ProxySender,,2024,arXiv 2024,General Knowledge,,,,,,,,,EM,,,,,,"ProxySender is a benchmark composed of patient portal messages received by clinicians. It evaluates whether the message was sent by the patient or by a proxy user (e.g., parent, spouse), which is critical for understanding who is communicating with healthcare providers. (Tse G, et al., 2025).",,,https://crfm.stanford.edu/helm/medhelm/latest/#/leaderboard/shc_proxy_med,,,,,,,,Stanford CRFM,,,,leaderboard,Stanford MedHELM
shc_privacy_med,PrivacyDetection,,2024,arXiv 2024,General Knowledge,,,,,,,,,EM,,,,,,"PrivacyDetection is a benchmark composed of patient portal messages submitted by patients or caregivers. The task is to determine whether the message contains any confidential or privacy-leaking information that should be protected (Tse G, et al., 2025).",,,https://crfm.stanford.edu/helm/medhelm/latest/#/leaderboard/shc_privacy_med,,,,,,,,Stanford CRFM,,,,leaderboard,Stanford MedHELM
pubmed_qa,PubMedQA,,2024,arXiv 2024,Medical,,,,,,,,,EM,,,,,,PubMedQA is a biomedical question-answering dataset that evaluates a model's ability to interpret scientific literature. It consists of PubMed abstracts paired with yes/no/maybe questions derived from the content. The benchmark assesses a model's capability to reason over biomedical texts and provide factually grounded answers.,,,https://crfm.stanford.edu/helm/medhelm/latest/#/leaderboard/pubmed_qa,,,,,,,,Stanford CRFM,,,,leaderboard,Stanford MedHELM
ehr_sql,EHRSQL,,2024,arXiv 2024,Medical,,,,,,,,,EHRSQLExeAcc,,,,,,"EHRSQL is a benchmark designed to evaluate models on generating structured queries for clinical research. Each example includes a natural language question and a database schema, and the task is to produce an SQL query that would return the correct result for a biomedical research objective. This benchmark assesses a model's understanding of medical terminology, data structures, and query construction.",,,https://crfm.stanford.edu/helm/medhelm/latest/#/leaderboard/ehr_sql,,,,,,,,Stanford CRFM,,,,leaderboard,Stanford MedHELM
shc_bmt_med,BMT-Status,,2024,arXiv 2024,General Knowledge,,,,,,,,,EM,,,,,,"BMT-Status is a benchmark composed of clinical notes and associated binary questions related to bone marrow transplant (BMT), hematopoietic stem cell transplant (HSCT), or hematopoietic cell transplant (HCT) status. The goal is to determine whether the patient received a subsequent transplant based on the provided clinical documentation.",,,https://crfm.stanford.edu/helm/medhelm/latest/#/leaderboard/shc_bmt_med,,,,,,,,Stanford CRFM,,,,leaderboard,Stanford MedHELM
race_based_med,RaceBias,,2024,arXiv 2024,Medical,,,,,,,,,EM,,,,,,"RaceBias is a benchmark used to evaluate language models for racially biased or inappropriate content in medical question-answering scenarios. Each instance consists of a medical question and a model-generated response. The task is to classify whether the response contains race-based, harmful, or inaccurate content. This benchmark supports research into bias detection and fairness in clinical AI systems.",,,https://crfm.stanford.edu/helm/medhelm/latest/#/leaderboard/race_based_med,,,,,,,,Stanford CRFM,,,,leaderboard,Stanford MedHELM
n2c2_ct_matching,N2C2-CT Matching,,2024,arXiv 2024,Medical,,,,,,,,,EM,,,,,,A dataset that provides clinical notes and asks the model to classify whether the patient is a valid candidate for a provided clinical trial.,,,https://crfm.stanford.edu/helm/medhelm/latest/#/leaderboard/n2c2_ct_matching,,,,,,,,Stanford CRFM,,,,leaderboard,Stanford MedHELM
medhallu,MedHallu,,2024,arXiv 2024,Medical,,,,,,,,,EM,,,,,,"MedHallu is a benchmark focused on evaluating factual correctness in biomedical question answering. Each instance contains a PubMed-derived knowledge snippet, a biomedical question, and a model-generated answer. The task is to classify whether the answer is factually correct or contains hallucinated (non-grounded) information. This benchmark is designed to assess the factual reliability of medical language models.",,,https://crfm.stanford.edu/helm/medhelm/latest/#/leaderboard/medhallu,,,,,,,,Stanford CRFM,,,,leaderboard,Stanford MedHELM
shc_gip_med,HospiceReferral,,2024,arXiv 2024,General Knowledge,,,,,,,,,EM,,,,,,HospiceReferral is a benchmark that evaluates model performance in identifying whether patients are eligible for hospice care based on palliative care clinical notes. The benchmark focuses on end-of-life care referral decisions.,,,https://crfm.stanford.edu/helm/medhelm/latest/#/leaderboard/shc_gip_med,,,,,,,,Stanford CRFM,,,,leaderboard,Stanford MedHELM
mimiciv_billing_code,MIMIC-IV Billing Code,,2024,arXiv 2024,Medical,,,,,,,,,MIMICBillingF1,,,,,,"MIMIC-IV Billing Code is a benchmark derived from discharge summaries in the MIMIC-IV database, paired with their corresponding ICD-10 billing codes. The task requires models to extract structured billing codes based on free-text clinical notes, reflecting real-world hospital coding tasks for financial reimbursement.",,,https://crfm.stanford.edu/helm/medhelm/latest/#/leaderboard/mimiciv_billing_code,,,,,,,,Stanford CRFM,,,,leaderboard,Stanford MedHELM
shc_sequoia_med,ClinicReferral,,2024,arXiv 2024,General Knowledge,,,,,,,,,EM,,,,,,ClinicReferral is a benchmark that determines patient eligibility for referral to the Sequoia Clinic based on information from palliative care notes. The dataset provides curated decisions on referral appropriateness to assist in automating clinic workflows.,,,https://crfm.stanford.edu/helm/medhelm/latest/#/leaderboard/shc_sequoia_med,,,,,,,,Stanford CRFM,,,,leaderboard,Stanford MedHELM
shc_cdi_med,CDI-QA,,2024,arXiv 2024,General Knowledge,,,,,,,,,EM,,,,,,CDI-QA is a benchmark constructed from Clinical Documentation Integrity (CDI) notes. It is used to evaluate a model's ability to verify clinical conditions based on documented evidence in patient records.,,,https://crfm.stanford.edu/helm/medhelm/latest/#/leaderboard/shc_cdi_med,,,,,,,,Stanford CRFM,,,,leaderboard,Stanford MedHELM
shc_ent_med,ENT-Referral,,2024,arXiv 2024,General Knowledge,,,,,,,,,EM,,,,,,"ENT-Referral is a benchmark designed to evaluate whether a patient's clinical note supports a referral to an Ear, Nose, and Throat (ENT) specialist. It helps assess models' abilities to make referral decisions based on unstructured clinical text",,,https://crfm.stanford.edu/helm/medhelm/latest/#/leaderboard/shc_ent_med,,,,,,,,Stanford CRFM,,,,leaderboard,Stanford MedHELM
thai_exam,ThaiExam,,2024,arXiv 2024,General Knowledge,,,,,,,,,EM,,,,,,Macro-averaged accuracy on all ThaiExam examinations.,,,https://crfm.stanford.edu/helm/thaiexam/latest/#/leaderboard/thai_exam,,,,,,,,Stanford CRFM,,,,leaderboard,Stanford HELM ThaiExam
thai_exam_onet,ONET,,2024,arXiv 2024,General Knowledge,,,,,,,,,EM,,,,,,"The Ordinary National Educational Test (ONET) is an examination for students in Thailand. We select the grade-12 ONET exam, which comprises 5 subjects and each question has 5 choices. These subjects are Thai, English, Mathematics, Social Studies, and Science. Amounting to a total of 170 questions and options.",,,https://crfm.stanford.edu/helm/thaiexam/latest/#/leaderboard/thai_exam_onet,,,,,,,,Stanford CRFM,,,,leaderboard,Stanford HELM ThaiExam
thai_exam_ic,IC,,2024,arXiv 2024,General Knowledge,,,,,,,,,EM,,,,,,"The Investment Consultant (IC) examination, a licensing test for investment professionals in Thailand. Developed by the Stock Exchange of Thailand (SET), features 4 choices per question. We extracted questions for levels 1, 2, and 3 resulting in a total of 95 questions and options.",,,https://crfm.stanford.edu/helm/thaiexam/latest/#/leaderboard/thai_exam_ic,,,,,,,,Stanford CRFM,,,,leaderboard,Stanford HELM ThaiExam
thai_exam_tgat,TGAT,,2024,arXiv 2024,General Knowledge,,,,,,,,,EM,,,,,,"The Thai General Aptitude Test (TGAT), a national high school examination in Thailand. Focuses on critical and logical thinking skills. We collected a total of 90 questions and answers. The TGAT consists of four choices per question.",,,https://crfm.stanford.edu/helm/thaiexam/latest/#/leaderboard/thai_exam_tgat,,,,,,,,Stanford CRFM,,,,leaderboard,Stanford HELM ThaiExam
thai_exam_tpat1,TPAT-1,,2024,arXiv 2024,General Knowledge,,,,,,,,,EM,,,,,,TBD,,,https://crfm.stanford.edu/helm/thaiexam/latest/#/leaderboard/thai_exam_tpat1,,,,,,,,Stanford CRFM,,,,leaderboard,Stanford HELM ThaiExam
thai_exam_a_level,A-Level,,2024,arXiv 2024,General Knowledge,,,,,,,,,EM,,,,,,An academic knowledge assessment examination (Applied Knowledge Level) that covers general foundational subjects taught in schools. The content assessed in this examination aligns with the curriculum guidelines and emphasizes the practical application of knowledge in daily life. We collected a total of 175 questions and answers.,,,https://crfm.stanford.edu/helm/thaiexam/latest/#/leaderboard/thai_exam_a_level,,,,,,,,Stanford CRFM,,,,leaderboard,Stanford HELM ThaiExam
fin_qa,FinQA,,2024,arXiv 2024,Reasoning,,,,,,,,,Program Accuracy,,,,,,"The FinQA benchmark for numeric reasoning over financial data, with question answering pairs written by financial experts over financial reports (Chen et al., 2021).",,,https://crfm.stanford.edu/helm/torr/latest/#/leaderboard/fin_qa,,,,,,,,Stanford CRFM,,,,leaderboard,Stanford HELM TORR
numeric_nlg,NumericNLG,,2024,arXiv 2024,Reasoning,,,,,,,,,ROUGE-L,,,,,,NumericNLG is a dataset for numerical table-to-text generation using pairs of a table and a paragraph of a table description with richer inference from scientific papers.,,,https://crfm.stanford.edu/helm/torr/latest/#/leaderboard/numeric_nlg,,,,,,,,Stanford CRFM,,,,leaderboard,Stanford HELM TORR
qtsumm,QTSumm,,2024,arXiv 2024,Reasoning,,,,,,,,,ROUGE-L,,,,,,QTFumm,,,https://crfm.stanford.edu/helm/torr/latest/#/leaderboard/qtsumm,,,,,,,,Stanford CRFM,,,,leaderboard,Stanford HELM TORR
scigen,SciGen,,2024,arXiv 2024,Reasoning,,,,,,,,,ROUGE-L,,,,,,SciGen,,,https://crfm.stanford.edu/helm/torr/latest/#/leaderboard/scigen,,,,,,,,Stanford CRFM,,,,leaderboard,Stanford HELM TORR
tab_fact,TabFact,,2024,arXiv 2024,Reasoning,,,,,,,,,Accuracy,,,,,,tab_fact is a large-scale dataset for the task of fact-checking on tables.,,,https://crfm.stanford.edu/helm/torr/latest/#/leaderboard/tab_fact,,,,,,,,Stanford CRFM,,,,leaderboard,Stanford HELM TORR
tablebench_data_analysis,Tablebench Data Analysis,,2024,arXiv 2024,Reasoning,,,,,,,,,ROUGE-L,,,,,,tab_fact is a large-scale dataset for the task of fact-checking on tables.,,,https://crfm.stanford.edu/helm/torr/latest/#/leaderboard/tablebench_data_analysis,,,,,,,,Stanford CRFM,,,,leaderboard,Stanford HELM TORR
tablebench_fact_checking,Tablebench Fact Checking,,2024,arXiv 2024,Reasoning,,,,,,,,,ROUGE-L,,,,,,tab_fact is a large-scale dataset for the task of fact-checking on tables.,,,https://crfm.stanford.edu/helm/torr/latest/#/leaderboard/tablebench_fact_checking,,,,,,,,Stanford CRFM,,,,leaderboard,Stanford HELM TORR
tablebench_numerical_reasoning,Tablebench Numerical Reasoning,,2024,arXiv 2024,Reasoning,,,,,,,,,ROUGE-L,,,,,,tab_fact is a large-scale dataset for the task of fact-checking on tables.,,,https://crfm.stanford.edu/helm/torr/latest/#/leaderboard/tablebench_numerical_reasoning,,,,,,,,Stanford CRFM,,,,leaderboard,Stanford HELM TORR
turl_col_type,Turl Col Type,,2024,arXiv 2024,General Knowledge,,,,,,,,,Micro F1,,,,,,Turl Col Type,,,https://crfm.stanford.edu/helm/torr/latest/#/leaderboard/turl_col_type,,,,,,,,Stanford CRFM,,,,leaderboard,Stanford HELM TORR
wikitq,WikiTableQuestions,,2024,arXiv 2024,Reasoning,,,,,,,,,F1 Strings,,,,,,This WikiTableQuestions dataset is a large-scale dataset for the task of question answering on semi-structured tables.,,,https://crfm.stanford.edu/helm/torr/latest/#/leaderboard/wikitq,,,,,,,,Stanford CRFM,,,,leaderboard,Stanford HELM TORR
ewok,EWoK,,2024,arXiv 2024,Cognitive Science,,,,,,,,,EM,,,,,,Elements of World Knowledge (EWoK) is a benchmark for evaluating world modeling by testing their ability to use knowledge of a concept to match a target text with a plausible/implausible context.,,,https://crfm.stanford.edu/helm/ewok/latest/#/leaderboard/ewok,,,,,,,,Stanford CRFM,,,,leaderboard,Stanford HELM EWoK
ewok_agent_properties,Agent Properties,,2024,arXiv 2024,Cognitive Science,,,,,,,,,EM,,,,,,The Agent Properties domain from Elements of World Knowledge (EWoK).,,,https://crfm.stanford.edu/helm/ewok/latest/#/leaderboard/ewok_agent_properties,,,,,,,,Stanford CRFM,,,,leaderboard,Stanford HELM EWoK
ewok_material_dynamics,Material Dynamics,,2024,arXiv 2024,Cognitive Science,,,,,,,,,EM,,,,,,The Material Dynamics domain from Elements of World Knowledge (EWoK).,,,https://crfm.stanford.edu/helm/ewok/latest/#/leaderboard/ewok_material_dynamics,,,,,,,,Stanford CRFM,,,,leaderboard,Stanford HELM EWoK
ewok_material_properties,Material Properties,,2024,arXiv 2024,Cognitive Science,,,,,,,,,EM,,,,,,The Material Properties domain from Elements of World Knowledge (EWoK).,,,https://crfm.stanford.edu/helm/ewok/latest/#/leaderboard/ewok_material_properties,,,,,,,,Stanford CRFM,,,,leaderboard,Stanford HELM EWoK
ewok_physical_dynamics,Physical Dynamics,,2024,arXiv 2024,Cognitive Science,,,,,,,,,EM,,,,,,The Physical Dynamics domain from Elements of World Knowledge (EWoK).,,,https://crfm.stanford.edu/helm/ewok/latest/#/leaderboard/ewok_physical_dynamics,,,,,,,,Stanford CRFM,,,,leaderboard,Stanford HELM EWoK
ewok_physical_interactions,Physical Interactions,,2024,arXiv 2024,Cognitive Science,,,,,,,,,EM,,,,,,The Physical Interactions domain from Elements of World Knowledge (EWoK).,,,https://crfm.stanford.edu/helm/ewok/latest/#/leaderboard/ewok_physical_interactions,,,,,,,,Stanford CRFM,,,,leaderboard,Stanford HELM EWoK
ewok_physical_relations,Physical Relations,,2024,arXiv 2024,Cognitive Science,,,,,,,,,EM,,,,,,The Physical Relations domain from Elements of World Knowledge (EWoK).,,,https://crfm.stanford.edu/helm/ewok/latest/#/leaderboard/ewok_physical_relations,,,,,,,,Stanford CRFM,,,,leaderboard,Stanford HELM EWoK
ewok_quantitative_properties,Quantitative Properties,,2024,arXiv 2024,Cognitive Science,,,,,,,,,EM,,,,,,The Quantitative Properties domain from Elements of World Knowledge (EWoK).,,,https://crfm.stanford.edu/helm/ewok/latest/#/leaderboard/ewok_quantitative_properties,,,,,,,,Stanford CRFM,,,,leaderboard,Stanford HELM EWoK
ewok_social_interactions,Social Interactions,,2024,arXiv 2024,Cognitive Science,,,,,,,,,EM,,,,,,The Social Interactions domain from Elements of World Knowledge (EWoK).,,,https://crfm.stanford.edu/helm/ewok/latest/#/leaderboard/ewok_social_interactions,,,,,,,,Stanford CRFM,,,,leaderboard,Stanford HELM EWoK
ewok_social_properties,Social Properties,,2024,arXiv 2024,Cognitive Science,,,,,,,,,EM,,,,,,The Social Properties domain from Elements of World Knowledge (EWoK).,,,https://crfm.stanford.edu/helm/ewok/latest/#/leaderboard/ewok_social_properties,,,,,,,,Stanford CRFM,,,,leaderboard,Stanford HELM EWoK
ewok_social_relations,Social Relations,,2024,arXiv 2024,Cognitive Science,,,,,,,,,EM,,,,,,The Social Relations domain from Elements of World Knowledge (EWoK).,,,https://crfm.stanford.edu/helm/ewok/latest/#/leaderboard/ewok_social_relations,,,,,,,,Stanford CRFM,,,,leaderboard,Stanford HELM EWoK
ewok_spatial_relations,Spatial Relations,,2024,arXiv 2024,Cognitive Science,,,,,,,,,EM,,,,,,The Spatial Relations domain from Elements of World Knowledge (EWoK).,,,https://crfm.stanford.edu/helm/ewok/latest/#/leaderboard/ewok_spatial_relations,,,,,,,,Stanford CRFM,,,,leaderboard,Stanford HELM EWoK
financial_scenarios,Financial Scenarios,,2024,arXiv 2024,General Knowledge,,,,,,,,,Mean win rate,,,,,,How many models this model outperforms on average (over columns).,,,https://crfm.stanford.edu/helm/finance/latest/#/leaderboard/financial_scenarios,,,,,,,,Stanford CRFM,,,,leaderboard,Stanford HELM Finance
financebench,FinanceBench,,2024,arXiv 2024,Reasoning,,,,,,,,,Correct Answer,,,,,,"FinanceBench is a benchmark for open book financial question answering. It comprises 10,231 questions about publicly traded companies, with corresponding answers and evidence strings",,,https://crfm.stanford.edu/helm/finance/latest/#/leaderboard/financebench,,,,,,,,Stanford CRFM,,,,leaderboard,Stanford HELM Finance
banking77,BANKING77,,2024,arXiv 2024,General Knowledge,,,,,,,,,EM,,,,,,"BANKING77 is a benchmark for intent classification of customer service queries in the banking domain (Casanueva et al., 2020)).",,,https://crfm.stanford.edu/helm/finance/latest/#/leaderboard/banking77,,,,,,,,Stanford CRFM,,,,leaderboard,Stanford HELM Finance
tydiqa,TyDiQA,,2024,arXiv 2024,"Multilingual, Crosslingual, Cultural",,,,,,,,,SQuAD macro-averaged F1 score,,,,,,"TyDiQA (Clark, 2020) is an open-book question answering dataset for 11 typologically-diverse languages. The questions are written by people who want to know the answer, but do not know the answer yet, and the data is collected directly in each language without the use of translation.",,,https://crfm.stanford.edu/helm/seahelm/latest/#/leaderboard/tydiqa,,,,,,,,Stanford CRFM / SEACrowd,,,,leaderboard,Stanford SEA-HELM
xquad_vi,XQuAD (Vietnamese),,2024,arXiv 2024,"Multilingual, Crosslingual, Cultural",,,,,,,,,SQuAD macro-averaged F1 score,,,,,,"XQuAD (Artetxe, 2019) is an open-book question answering dataset that is parallel across 10 languages. The dataset consists of a subset of 240 paragraphs and 1190 question-answer pairs from the development set of SQuAD v1.1 (Rajpurkar et al., 2016) together with their professional translations.",,,https://crfm.stanford.edu/helm/seahelm/latest/#/leaderboard/xquad_vi,,,,,,,,Stanford CRFM / SEACrowd,,,,leaderboard,Stanford SEA-HELM
xquad_th,XQuAD (Thai),,2024,arXiv 2024,"Multilingual, Crosslingual, Cultural",,,,,,,,,SQuAD macro-averaged F1 score,,,,,,"XQuAD (Artetxe, 2019) is an open-book question answering dataset that is parallel across 10 languages. The dataset consists of a subset of 240 paragraphs and 1190 question-answer pairs from the development set of SQuAD v1.1 (Rajpurkar et al., 2016) together with their professional translations.",,,https://crfm.stanford.edu/helm/seahelm/latest/#/leaderboard/xquad_th,,,,,,,,Stanford CRFM / SEACrowd,,,,leaderboard,Stanford SEA-HELM
indicqa,IndicQA,,2024,arXiv 2024,"Multilingual, Crosslingual, Cultural",,,,,,,,,SQuAD macro-averaged F1 score,,,,,,"IndicQA (Doddapaneni, 2023)is an open-book question answering dataset for 11 Indic languages. Answers to questions are to be extracted from the text provided. The data is taken from Wikipedia articles across various domains and questions and answers were manually created by native speakers.",,,https://crfm.stanford.edu/helm/seahelm/latest/#/leaderboard/indicqa,,,,,,,,Stanford CRFM / SEACrowd,,,,leaderboard,Stanford SEA-HELM
nusax,NusaX,,2024,arXiv 2024,"Multilingual, Crosslingual, Cultural",,,,,,,,,Macro F1 score,,,,,,"NusaX (Winata, 2023) is an Indonesian sentiment analysis dataset. The data consists of comments and reviews from various online platforms.",,,https://crfm.stanford.edu/helm/seahelm/latest/#/leaderboard/nusax,,,,,,,,Stanford CRFM / SEACrowd,,,,leaderboard,Stanford SEA-HELM
uitvsfc,UIT-VSFC,,2024,arXiv 2024,"Multilingual, Crosslingual, Cultural",,,,,,,,,Macro F1 score,,,,,,"UIT-VSFC (Nguyen, 2018) is a Vietnamese sentiment analysis dataset. The data consists of student feedback obtained from end-of-semester surveys at a Vietnamese university.",,,https://crfm.stanford.edu/helm/seahelm/latest/#/leaderboard/uitvsfc,,,,,,,,Stanford CRFM / SEACrowd,,,,leaderboard,Stanford SEA-HELM
wisesight,Wisesight,,2024,arXiv 2024,"Multilingual, Crosslingual, Cultural",,,,,,,,,Macro F1 score,,,,,,"Wisesight (Suriyawongkul, 2019) is an Thai sentiment analysis scenario. The data consists of social media messages regarding consumer products and services.",,,https://crfm.stanford.edu/helm/seahelm/latest/#/leaderboard/wisesight,,,,,,,,Stanford CRFM / SEACrowd,,,,leaderboard,Stanford SEA-HELM
indicsentiment,IndicSentiment,,2024,arXiv 2024,"Multilingual, Crosslingual, Cultural",,,,,,,,,Macro F1 score,,,,,,"IndicSentiment is a Tamil sentiment analysis dataset that comes from IndicXTREME (Doddapaneni, 2022), and consists of product reviews that were written by annotators. Labels are positive or negative.",,,https://crfm.stanford.edu/helm/seahelm/latest/#/leaderboard/indicsentiment,,,,,,,,Stanford CRFM / SEACrowd,,,,leaderboard,Stanford SEA-HELM
mlhsd,MLHSD,,2024,arXiv 2024,Alignment & Safety,,,,,,,,,Macro F1 score,,,,,,"MLHSD (Ibrohim, 2019) is an Indonesian toxicity detection dataset obtained from tweets on Twitter.",,,https://crfm.stanford.edu/helm/seahelm/latest/#/leaderboard/mlhsd,,,,,,,,Stanford CRFM / SEACrowd,,,,leaderboard,Stanford SEA-HELM
vihsd,ViHSD,,2024,arXiv 2024,Alignment & Safety,,,,,,,,,Macro F1 score,,,,,,"ViHSD (Luu, 2021)is a Vietnamese toxicity detection dataset obtained from comments on Facebook, Youtube, Instagram, and Tiktok.",,,https://crfm.stanford.edu/helm/seahelm/latest/#/leaderboard/vihsd,,,,,,,,Stanford CRFM / SEACrowd,,,,leaderboard,Stanford SEA-HELM
thaitoxicitytweets,Thai Toxicity Tweets,,2024,arXiv 2024,Alignment & Safety,,,,,,,,,Macro F1 score,,,,,,"Thai Toxicity Tweets (Sirihattasak, 2018) is a Thai toxicity detection dataset obtained from tweets on Twitter.",,,https://crfm.stanford.edu/helm/seahelm/latest/#/leaderboard/thaitoxicitytweets,,,,,,,,Stanford CRFM / SEACrowd,,,,leaderboard,Stanford SEA-HELM
flores_en_id,Flores,,2024,arXiv 2024,Machine Translation,,,,,,,,,ChrF++,,,,,,"Flores (NLLB Team, 2022) was created with professional human translators who translate the FLORES source dataset into the target languages and a separate group of independent translation reviewers who perform quality assessments of the human translations and provide translation feedback to the translators.",,,https://crfm.stanford.edu/helm/seahelm/latest/#/leaderboard/flores_en_id,,,,,,,,Stanford CRFM / SEACrowd,,,,leaderboard,Stanford SEA-HELM
flores_en_vi,Flores,,2024,arXiv 2024,Machine Translation,,,,,,,,,ChrF++,,,,,,"Flores (NLLB Team, 2022) was created with professional human translators who translate the FLORES source dataset into the target languages and a separate group of independent translation reviewers who perform quality assessments of the human translations and provide translation feedback to the translators.",,,https://crfm.stanford.edu/helm/seahelm/latest/#/leaderboard/flores_en_vi,,,,,,,,Stanford CRFM / SEACrowd,,,,leaderboard,Stanford SEA-HELM
flores_en_th,Flores,,2024,arXiv 2024,Machine Translation,,,,,,,,,ChrF++,,,,,,"Flores (NLLB Team, 2022) was created with professional human translators who translate the FLORES source dataset into the target languages and a separate group of independent translation reviewers who perform quality assessments of the human translations and provide translation feedback to the translators.",,,https://crfm.stanford.edu/helm/seahelm/latest/#/leaderboard/flores_en_th,,,,,,,,Stanford CRFM / SEACrowd,,,,leaderboard,Stanford SEA-HELM
flores_en_ta,Flores,,2024,arXiv 2024,Machine Translation,,,,,,,,,ChrF++,,,,,,"Flores (NLLB Team, 2022) was created with professional human translators who translate the FLORES source dataset into the target languages and a separate group of independent translation reviewers who perform quality assessments of the human translations and provide translation feedback to the translators.",,,https://crfm.stanford.edu/helm/seahelm/latest/#/leaderboard/flores_en_ta,,,,,,,,Stanford CRFM / SEACrowd,,,,leaderboard,Stanford SEA-HELM
flores_id_en,Flores,,2024,arXiv 2024,Machine Translation,,,,,,,,,ChrF++,,,,,,"Flores (NLLB Team, 2022) was created with professional human translators who translate the FLORES source dataset into the target languages and a separate group of independent translation reviewers who perform quality assessments of the human translations and provide translation feedback to the translators.",,,https://crfm.stanford.edu/helm/seahelm/latest/#/leaderboard/flores_id_en,,,,,,,,Stanford CRFM / SEACrowd,,,,leaderboard,Stanford SEA-HELM
flores_vi_en,Flores,,2024,arXiv 2024,Machine Translation,,,,,,,,,ChrF++,,,,,,"Flores (NLLB Team, 2022) was created with professional human translators who translate the FLORES source dataset into the target languages and a separate group of independent translation reviewers who perform quality assessments of the human translations and provide translation feedback to the translators.",,,https://crfm.stanford.edu/helm/seahelm/latest/#/leaderboard/flores_vi_en,,,,,,,,Stanford CRFM / SEACrowd,,,,leaderboard,Stanford SEA-HELM
flores_th_en,Flores,,2024,arXiv 2024,Machine Translation,,,,,,,,,ChrF++,,,,,,"Flores (NLLB Team, 2022) was created with professional human translators who translate the FLORES source dataset into the target languages and a separate group of independent translation reviewers who perform quality assessments of the human translations and provide translation feedback to the translators.",,,https://crfm.stanford.edu/helm/seahelm/latest/#/leaderboard/flores_th_en,,,,,,,,Stanford CRFM / SEACrowd,,,,leaderboard,Stanford SEA-HELM
flores_ta_en,Flores,,2024,arXiv 2024,Machine Translation,,,,,,,,,ChrF++,,,,,,"Flores (NLLB Team, 2022) was created with professional human translators who translate the FLORES source dataset into the target languages and a separate group of independent translation reviewers who perform quality assessments of the human translations and provide translation feedback to the translators.",,,https://crfm.stanford.edu/helm/seahelm/latest/#/leaderboard/flores_ta_en,,,,,,,,Stanford CRFM / SEACrowd,,,,leaderboard,Stanford SEA-HELM
indonli,IndoNLI,,2024,arXiv 2024,"Multilingual, Crosslingual, Cultural",,,,,,,,,EM,,,,,,"IndoNLI (Mahendra, 2021) is a natural language inference dataset obtained from Wikipedia, news, and web articles that incorporates various linguistic phenomena such as numerical reasoning, structural changes, idioms, or temporal and spatial reasoning.",,,https://crfm.stanford.edu/helm/seahelm/latest/#/leaderboard/indonli,,,,,,,,Stanford CRFM / SEACrowd,,,,leaderboard,Stanford SEA-HELM
xnli_vi,XNLI (Vietnamese),,2024,arXiv 2024,"Multilingual, Crosslingual, Cultural",,,,,,,,,EM,,,,,,"XNLI (Conneau, 2018) is a natural language inference dataset obtained from crowdsourced NLI data then professionally translated across 14 other languages.",,,https://crfm.stanford.edu/helm/seahelm/latest/#/leaderboard/xnli_vi,,,,,,,,Stanford CRFM / SEACrowd,,,,leaderboard,Stanford SEA-HELM
xnli_th,XNLI (Thai),,2024,arXiv 2024,"Multilingual, Crosslingual, Cultural",,,,,,,,,EM,,,,,,"XNLI (Conneau, 2018) is a natural language inference dataset obtained from crowdsourced NLI data then professionally translated across 14 other languages.",,,https://crfm.stanford.edu/helm/seahelm/latest/#/leaderboard/xnli_th,,,,,,,,Stanford CRFM / SEACrowd,,,,leaderboard,Stanford SEA-HELM
indicxnli,IndicXNLI,,2024,arXiv 2024,"Multilingual, Crosslingual, Cultural",,,,,,,,,EM,,,,,,"IndicXNLI is a Tamil sentiment analysis dataset that comes from IndicXTREME (Doddapaneni, 2022), which automatically translated from XNLI into 11 Indic languages.",,,https://crfm.stanford.edu/helm/seahelm/latest/#/leaderboard/indicxnli,,,,,,,,Stanford CRFM / SEACrowd,,,,leaderboard,Stanford SEA-HELM
xcopa_id,XCOPA (Indonesian),,2024,arXiv 2024,"Multilingual, Crosslingual, Cultural",,,,,,,,,EM,,,,,,"XCOPA (Ponti, 2020) is causal reasoning dataset, a translation and reannotation of the English COPA. English COPA included questions that directly assess commonsense causal reasoning.",,,https://crfm.stanford.edu/helm/seahelm/latest/#/leaderboard/xcopa_id,,,,,,,,Stanford CRFM / SEACrowd,,,,leaderboard,Stanford SEA-HELM
xcopa_vi,XCOPA (Vietnamese),,2024,arXiv 2024,"Multilingual, Crosslingual, Cultural",,,,,,,,,EM,,,,,,"XCOPA (Ponti, 2020) is causal reasoning dataset, a translation and reannotation of the English COPA. English COPA included questions that directly assess commonsense causal reasoning.",,,https://crfm.stanford.edu/helm/seahelm/latest/#/leaderboard/xcopa_vi,,,,,,,,Stanford CRFM / SEACrowd,,,,leaderboard,Stanford SEA-HELM
xcopa_th,XCOPA (Thai),,2024,arXiv 2024,"Multilingual, Crosslingual, Cultural",,,,,,,,,EM,,,,,,"XCOPA (Ponti, 2020) is causal reasoning dataset, a translation and reannotation of the English COPA. English COPA included questions that directly assess commonsense causal reasoning.",,,https://crfm.stanford.edu/helm/seahelm/latest/#/leaderboard/xcopa_th,,,,,,,,Stanford CRFM / SEACrowd,,,,leaderboard,Stanford SEA-HELM
xcopa_ta,XCOPA (Tamil),,2024,arXiv 2024,"Multilingual, Crosslingual, Cultural",,,,,,,,,EM,,,,,,"XCOPA (Ponti, 2020) is causal reasoning dataset, a translation and reannotation of the English COPA. English COPA included questions that directly assess commonsense causal reasoning.",,,https://crfm.stanford.edu/helm/seahelm/latest/#/leaderboard/xcopa_ta,,,,,,,,Stanford CRFM / SEACrowd,,,,leaderboard,Stanford SEA-HELM
lindsea_syntax_minimal_pairs_id,LINDSEA Syntax Minimal Pairs,,2024,arXiv 2024,"Multilingual, Crosslingual, Cultural",,,,,,,,,EM,,,,,,"LINDSEA minimal pairs is a linguistic diagnostic for syntax dataset from BHASA (Leong, 2023), involving pairs of sentences that differ minimally from each other and contrast in grammatical acceptability.",,,https://crfm.stanford.edu/helm/seahelm/latest/#/leaderboard/lindsea_syntax_minimal_pairs_id,,,,,,,,Stanford CRFM / SEACrowd,,,,leaderboard,Stanford SEA-HELM
lindsea_pragmatics_presuppositions_id,LINDSEA Pragmatics Presuppositions,,2024,arXiv 2024,"Multilingual, Crosslingual, Cultural",,,,,,,,,EM,,,,,,"LINDSEA Pragmatics Presuppositions is a linguistic diagnostic for pragmatics dataset from BHASA (Leong, 2023), involving two formats: single and pair sentences. For single sentence questions, the system under test needs to determine if the sentence is true/false. For pair sentence questions, the system under test needs to determine whether a conclusion can be drawn from another sentence.",,,https://crfm.stanford.edu/helm/seahelm/latest/#/leaderboard/lindsea_pragmatics_presuppositions_id,,,,,,,,Stanford CRFM / SEACrowd,,,,leaderboard,Stanford SEA-HELM
lindsea_pragmatics_scalar_implicatures_id,LINDSEA Pragmatics Scalar Implicatures,,2024,arXiv 2024,"Multilingual, Crosslingual, Cultural",,,,,,,,,EM,,,,,,"LINDSEA Pragmatics Scalar Implicatures is a linguistic diagnostic for pragmatics dataset from BHASA (Leong, 2023), , involving two formats: single and pair sentences. For single sentence questions, the system under test needs to determine if the sentence is true/false. For pair sentence questions, the system under test needs to determine whether a conclusion can be drawn from another sentence.",,,https://crfm.stanford.edu/helm/seahelm/latest/#/leaderboard/lindsea_pragmatics_scalar_implicatures_id,,,,,,,,Stanford CRFM / SEACrowd,,,,leaderboard,Stanford SEA-HELM
alghafa,AlGhafa,,2024,arXiv 2024,"Multilingual, Crosslingual, Cultural",,,,,,,,,EM,,,,,,An Arabic language multiple choice evaluation benchmark derived from publicly available NLP datasets (paper),,,https://crfm.stanford.edu/helm/arabic/latest/#/leaderboard/alghafa,,,,,,,,Stanford CRFM / MBZUAI,,,,leaderboard,Stanford HELM Arabic
arabic_mmlu,ArabicMMLU,,2024,arXiv 2024,"Multilingual, Crosslingual, Cultural",,,,,,,,,EM,,,,,,"A native Arabic language question answering benchmark using questions sourced from school exams across diverse educational levels in different countries spanning North Africa, the Levant, and the Gulf regions (dataset)",,,https://crfm.stanford.edu/helm/arabic/latest/#/leaderboard/arabic_mmlu,,,,,,,,Stanford CRFM / MBZUAI,,,,leaderboard,Stanford HELM Arabic
arabic_exams,Arabic EXAMS,,2024,arXiv 2024,"Multilingual, Crosslingual, Cultural",,,,,,,,,EM,,,,,,"The Arabic language subset of the EXAMS multilingual question answering benchmark, which consists of high school exam questions across various school subjects (paper)",,,https://crfm.stanford.edu/helm/arabic/latest/#/leaderboard/arabic_exams,,,,,,,,Stanford CRFM / MBZUAI,,,,leaderboard,Stanford HELM Arabic
madinah_qa,MadinahQA,,2024,arXiv 2024,"Multilingual, Crosslingual, Cultural",,,,,,,,,EM,,,,,,A question answering benchmark published by MBZUAI that tests knowledge of Arabic language and grammar (dataset),,,https://crfm.stanford.edu/helm/arabic/latest/#/leaderboard/madinah_qa,,,,,,,,Stanford CRFM / MBZUAI,,,,leaderboard,Stanford HELM Arabic
aratrust,AraTrust,,2024,arXiv 2024,Alignment & Safety,,,,,,,,,EM,,,,,,"An Arab-region-specific safety evaluation dataset consisting of human-written questions including direct attacks, indirect attacks, and harmless requests with sensitive words (paper)",,,https://crfm.stanford.edu/helm/arabic/latest/#/leaderboard/aratrust,,,,,,,,Stanford CRFM / MBZUAI,,,,leaderboard,Stanford HELM Arabic
alrage,ALRAGE,,2024,arXiv 2024,"Multilingual, Crosslingual, Cultural",,,,,,,,,Score,,,,,,An Arabic language passage-based open-ended model-graded question answering benchmark that reflects retrieval-augmented generation use cases (dataset),,,https://crfm.stanford.edu/helm/arabic/latest/#/leaderboard/alrage,,,,,,,,Stanford CRFM / MBZUAI,,,,leaderboard,Stanford HELM Arabic
mbzuai_human_translated_arabic_mmlu,MBZUAI Human-Translated Arabic MMLU,,2024,arXiv 2024,"Multilingual, Crosslingual, Cultural",,,,,,,,,EM,,,,,,A translation of MMLU to Arabic by human translators published by MBZUAI (dataset),,,https://crfm.stanford.edu/helm/arabic/latest/#/leaderboard/mbzuai_human_translated_arabic_mmlu,,,,,,,,Stanford CRFM / MBZUAI,,,,leaderboard,Stanford HELM Arabic
covost2,CoVost-2,,2025,arXiv 2025,Machine Translation,,,,,,,,,BLEU,,,,,,"CoVost-2 is a large-scale multilingual speech translation corpus covering translations from 21 languages into English and from English into 15 languages.
The dataset contains the audio, transcriptions, and translations in the following languages: French, German, Dutch, Russian, Spanish, Italian, Turkish, Persian, Swedish, Mongolian, Chinese, Welsh, Catalan, Slovenian, Estonian, Indonesian, Arabic, Tamil, Portuguese, Latvian, and Japanese (Wang et al, 2020).",,,https://crfm.stanford.edu/helm/audio/latest/#/leaderboard/covost2,,,,,,,,Stanford CRFM,,,,leaderboard,Stanford HELM Audio
vocal_sound,VocalSound,,2025,arXiv 2025,Audio/Speech,,,,,,,,,PEM,,,,,,"VocalSound dataset consisting of over 21,000 crowdsourced recordings of laughter, sighs, coughs, throat  clearing, sneezes, and sniffs from 3,365 unique subjects. 
Different from previous datasets, the VocalSound dataset contains meta information such as speaker  age, gender, native language, country, and health condition (Gong et al, 2022).",,,https://crfm.stanford.edu/helm/audio/latest/#/leaderboard/vocal_sound,,,,,,,,Stanford CRFM,,,,leaderboard,Stanford HELM Audio
multilingual_librispeech,Multilingual Librispeech,,2025,arXiv 2025,Audio/Speech,,,,,,,,,WER,,,,,,"Multilingual Librispeech is derived from read audiobooks from LibriVox and consists of 8 languages,  including about 44.5K hours of English and a total of about 6K hours for other languages. 
The dataset contains the audio and transcriptions in the following languages: Dutch, German, French, Spanish, Italian, Portuguese"", Polish (Pratap et al, 2022).",,,https://crfm.stanford.edu/helm/audio/latest/#/leaderboard/multilingual_librispeech,,,,,,,,Stanford CRFM,,,,leaderboard,Stanford HELM Audio
fleurs,FLEURS,,2025,arXiv 2025,"Multilingual, Crosslingual, Cultural",,,,,,,,,WER,,,,,,"FLEURS is an n-way parallel speech dataset in 102 languages built on top of the machine translation FLoRes-101  benchmark, with approximately 12 hours of speech supervision per language. FLEURS can be used for a variety of  speech tasks, including Automatic Speech Recognition (ASR), Speech Language Identification (Speech LangID),  Translation and Retrieval.
The dataset contains the audio, transcriptions, and language in 102 different languages, which are divided into 7 language groups: Western European, Eastern European, Central Asia Middle North African, Sub Saharan African,  South Asian, South East Asian, Chinese Japanase Korean (Conneau et al, 2022).",,,https://crfm.stanford.edu/helm/audio/latest/#/leaderboard/fleurs,,,,,,,,Stanford CRFM,,,,leaderboard,Stanford HELM Audio
fleurs_fairness,FLEURS Fairness,,2025,arXiv 2025,Alignment & Safety,,,,,,,,,WER,,,,,,"FLEURS is an n-way parallel speech dataset in 102 languages built on top of the machine translation FLoRes-101  benchmark, with approximately 12 hours of speech supervision per language. FLEURS can be used for a variety of  speech tasks, including Automatic Speech Recognition (ASR), Speech Language Identification (Speech LangID),  Translation and Retrieval.
We only use the English subset of the dataset for the fairness task. We ask the model to do ASR on audio files from different gender groups (Conneau et al, 2022).",,,https://crfm.stanford.edu/helm/audio/latest/#/leaderboard/fleurs_fairness,,,,,,,,Stanford CRFM,,,,leaderboard,Stanford HELM Audio
audiocaps,AudioCaps,,2025,arXiv 2025,Audio/Speech,,,,,,,,,GPT-4o Judge Critique,,,,,,"AudioCaps is a large-scale dataset of about 46K audio clips to human-written text pairs collected  via crowdsourcing on the AudioSet dataset, which covers a wide range of human and animal sounds,  musical instruments and genres, and common everyday environmental sounds.  (Kim et al, 2019).",,,https://crfm.stanford.edu/helm/audio/latest/#/leaderboard/audiocaps,,,,,,,,Stanford CRFM,,,,leaderboard,Stanford HELM Audio
voxceleb2,VoxCeleb2,,2025,arXiv 2025,Audio/Speech,,,,,,,,,EM,,,,,,"VoxCeleb is an audio-visual dataset consisting of short clips of human speech, extracted from  interview videos uploaded to YouTube. It contains over a million utterances from over 6,000  speakers with their gender, race, identity information in 145 different nationalities, covering  a wide range of accents, ages, ethnicities and languages. (Chung et al, 2018)",,,https://crfm.stanford.edu/helm/audio/latest/#/leaderboard/voxceleb2,,,,,,,,Stanford CRFM,,,,leaderboard,Stanford HELM Audio
speech_robust_bench,Robust Speech Bench,,2025,arXiv 2025,Audio/Speech,,,,,,,,,WER,,,,,,"Speech Robust Bench (Shah et al, 2024) is a comprehensive benchmark for evaluating  the robustness of ASR models to diverse corruptions. SRB is composed of 114 input  perturbations which simulate an heterogeneous range of corruptions that ASR models  may encounter when deployed in the wild. In this scenario, we select 4 subsets:  accent_cv, accent_cv_es, chinme, and AIM for evaluation.
The dataset contains the audio, transcriptions for all subsets  (Shah et al, 2024).",,,https://crfm.stanford.edu/helm/audio/latest/#/leaderboard/speech_robust_bench,,,,,,,,Stanford CRFM,,,,leaderboard,Stanford HELM Audio
meld_audio,Multimodal EmotionLines Dataset (MELD) Audio,,2025,arXiv 2025,Cognitive Science,,,,,,,,,PEM,,,,,,"Multimodal EmotionLines Dataset (MELD) has been created by enhancing and extending EmotionLines dataset. MELD has more than 1400 dialogues and 13000 utterances from Friends TV series. Multiple speakers participated in the dialogues. Each utterance in a dialogue has been labeled by any of these seven emotions - Anger, Disgust, Sadness, Joy, Neutral, Surprise and Fear.",,,https://crfm.stanford.edu/helm/audio/latest/#/leaderboard/meld_audio,,,,,,,,Stanford CRFM,,,,leaderboard,Stanford HELM Audio
air_bench_chat_knowledge,Air-Bench Chat (knowledge subsets),,2025,arXiv 2025,General Knowledge,,,,,,,,,GPT-4o Judge Critique,,,,,,"Air-Bench (Yang et al, 2024) encompasses two dimensions: foundation and chat benchmarks. The former consists of 19 tasks with  approximately 19k single-choice questions. The latter one contains 2k instances of open-ended question-and-answer data.  We consider the chat benchmark in this scenario.
The dataset contains the audio question answering task in four subjects: sound, speech, music, and mixed. (Yang et al, 2024).",,,https://crfm.stanford.edu/helm/audio/latest/#/leaderboard/air_bench_chat_knowledge,,,,,,,,Stanford CRFM,,,,leaderboard,Stanford HELM Audio
air_bench_chat_reasoning,Air-Bench Chat (reasoning subsets),,2025,arXiv 2025,Reasoning,,,,,,,,,GPT-4o Judge Critique,,,,,,"Air-Bench (Yang et al, 2024) encompasses two dimensions: foundation and chat benchmarks. The former consists of 19 tasks with  approximately 19k single-choice questions. The latter one contains 2k instances of open-ended question-and-answer data.  We consider the chat benchmark in this scenario.
The dataset contains the audio question answering task in four subjects: sound, speech, music, and mixed. (Yang et al, 2024).",,,https://crfm.stanford.edu/helm/audio/latest/#/leaderboard/air_bench_chat_reasoning,,,,,,,,Stanford CRFM,,,,leaderboard,Stanford HELM Audio
air_bench_foundation,Air-Bench Foundation,,2025,arXiv 2025,General Knowledge,,,,,,,,,EM,,,,,,"Air-Bench (Yang et al, 2024) encompasses two dimensions: foundation and chat benchmarks. The former consists of 19 tasks with  approximately 19k single-choice questions. The latter one contains 2k instances of open-ended question-and-answer data.  We consider the chat benchmark in this scenario.
The dataset contains the audio multiple choice question answering task in three subjects: music instrument classification, music genera recognition, and music question-answering. (Yang et al, 2024).",,,https://crfm.stanford.edu/helm/audio/latest/#/leaderboard/air_bench_foundation,,,,,,,,Stanford CRFM,,,,leaderboard,Stanford HELM Audio
mutox,MuTox,,2025,arXiv 2025,Alignment & Safety,,,,,,,,,EM,,,,,,"The dataset consists of 20k audio utterances for English and Spanish, and 4k for the other languages. (Costa-jussà et al, 2018).",,,https://crfm.stanford.edu/helm/audio/latest/#/leaderboard/mutox,,,,,,,,Stanford CRFM,,,,leaderboard,Stanford HELM Audio
mustard,MUStARD,,2025,arXiv 2025,Humor/Creativity,,,,,,,,,EM,,,,,,"A multimodal video corpus for research in automated sarcasm discovery. The dataset is compiled from popular TV shows including Friends, The Golden Girls, The Big Bang Theory, and Sarcasmaholics Anonymous.  (Castro et al, 2019).",,,https://crfm.stanford.edu/helm/audio/latest/#/leaderboard/mustard,,,,,,,,Stanford CRFM,,,,leaderboard,Stanford HELM Audio
voice_jailbreak_attacks,Voice Jailbreak Attacks Against GPT-4o,,2025,arXiv 2025,Alignment & Safety,,,,,,,,,Refusal rate for safety,,,,,,"Voice jailbreak attacks against GPT-4o (Shen et al, 2024).",,,https://crfm.stanford.edu/helm/audio/latest/#/leaderboard/voice_jailbreak_attacks,,,,,,,,Stanford CRFM,,,,leaderboard,Stanford HELM Audio
librispeech,LibriSpeech,,2025,arXiv 2025,Audio/Speech,,,,,,,,,WER,,,,,,"The LibriSpeech corpus (Vassil et al. 2015) is derived from audiobooks that are part  of the LibriVox project, and contains 1000 hours of speech sampled at 16 kHz. The  data has separately prepared language-model training data and pre-built language models.  This corpus is one of the most widely-used ASR corpus, which has been extended to many  applicaitons such as robust ASR and multilingual ASR tasks.
The dataset contains the audio, transcriptions for all subsets  (Vassil et al. 2015).",,,https://crfm.stanford.edu/helm/audio/latest/#/leaderboard/librispeech,,,,,,,,Stanford CRFM,,,,leaderboard,Stanford HELM Audio
librispeech_fairness,LibriSpeech Fairness,,2025,arXiv 2025,Alignment & Safety,,,,,,,,,WER,,,,,,"The LibriSpeech corpus (Vassil et al. 2015) is derived from audiobooks that are part  of the LibriVox project, and contains 1000 hours of speech sampled at 16 kHz. The  data has separately prepared language-model training data and pre-built language models.  This corpus is one of the most widely-used ASR corpus, which has been extended to many  applicaitons such as robust ASR and multilingual ASR tasks.
The dataset contains the audio, transcriptions for all subsets. We ask the model to do  ASR on audio files from different gender groups  (Vassil et al. 2015).",,,https://crfm.stanford.edu/helm/audio/latest/#/leaderboard/librispeech_fairness,,,,,,,,Stanford CRFM,,,,leaderboard,Stanford HELM Audio
parade,PARADE,,2025,arXiv 2025,"Multilingual, Crosslingual, Cultural",,,,,,,,,EM,,,,,,The PARADE dataset is inspired by the PAIRS dataset for evaluating occupation and status  bias in vision-language models. We collect a new dataset of audio-text multi-choice QA  task that involves exploring occupation and status bias. The dataset consists of 436  audio-text QA pairs with 3 options each.,,,https://crfm.stanford.edu/helm/audio/latest/#/leaderboard/parade,,,,,,,,Stanford CRFM,,,,leaderboard,Stanford HELM Audio
corebench,COREBench,,2025,arXiv 2025,General Knowledge,,,,,,,,,PEM,,,,,,"The COREBench is a new audio benchmark incorporating multi-speaker conversations.  It consists of conversational audio, transcript, question, and answer. There  are two challenging features of this benchmark: (1) the questions are designed  to require reasoning over multiple turns of conversation, and (2) the average  audio length is longer than 1 minute, which is significantly longer than  existing benchmarks.",,,https://crfm.stanford.edu/helm/audio/latest/#/leaderboard/corebench,,,,,,,,Stanford CRFM,,,,leaderboard,Stanford HELM Audio
image2struct_wild,Image2Struct (Wild),,2024,arXiv 2024,Multimodal,,,,,,,,,Mean win rate,,,,,,How many models this model outperforms on average (over columns).,,,https://crfm.stanford.edu/helm/image2struct/latest/#/leaderboard/image2struct_wild,,,,,,,,Stanford CRFM,,,,leaderboard,Stanford HELM Image2Struct
image2latex,Image2LaTeX,,2024,arXiv 2024,Multimodal,,,,,,,,,EMS,,,,,,"The Image2LaTeX benchmark for converting images of mathematical equations, tables. algorithms and tikz to LaTeX.",,,https://crfm.stanford.edu/helm/image2struct/latest/#/leaderboard/image2latex,,,,,,,,Stanford CRFM,,,,leaderboard,Stanford HELM Image2Struct
image2latex_equation,I2LaTeX (Equation),,2024,arXiv 2024,Multimodal,,,,,,,,,EMS,,,,,,The Image2LaTeX benchmark subset for converting images of mathematical equations to LaTeX.,,,https://crfm.stanford.edu/helm/image2struct/latest/#/leaderboard/image2latex_equation,,,,,,,,Stanford CRFM,,,,leaderboard,Stanford HELM Image2Struct
image2latex_table,I2LaTeX (Table),,2024,arXiv 2024,Multimodal,,,,,,,,,EMS,,,,,,The Image2LaTeX benchmark subset for converting images of tables to LaTeX.,,,https://crfm.stanford.edu/helm/image2struct/latest/#/leaderboard/image2latex_table,,,,,,,,Stanford CRFM,,,,leaderboard,Stanford HELM Image2Struct
image2latex_algorithm,I2LaTeX (Algorithm),,2024,arXiv 2024,Multimodal,,,,,,,,,EMS,,,,,,The Image2LaTeX benchmark subset for converting images of algorithms to LaTeX.,,,https://crfm.stanford.edu/helm/image2struct/latest/#/leaderboard/image2latex_algorithm,,,,,,,,Stanford CRFM,,,,leaderboard,Stanford HELM Image2Struct
image2latex_plot,I2LaTeX (Tikz),,2024,arXiv 2024,Multimodal,,,,,,,,,EMS,,,,,,The Image2LaTeX benchmark subset for converting images of tikz to LaTeX.,,,https://crfm.stanford.edu/helm/image2struct/latest/#/leaderboard/image2latex_plot,,,,,,,,Stanford CRFM,,,,leaderboard,Stanford HELM Image2Struct
image2latex_wild,Image2LaTeX (Wild),,2024,arXiv 2024,Multimodal,,,,,,,,,EMS,,,,,,Images of mathematical equations gathered from Wikipedia that do not have a LaTeX ground truth.,,,https://crfm.stanford.edu/helm/image2struct/latest/#/leaderboard/image2latex_wild,,,,,,,,Stanford CRFM,,,,leaderboard,Stanford HELM Image2Struct
image2webpage,Image2webpage,,2024,arXiv 2024,Multimodal,,,,,,,,,EMS,,,,,,The Image2webpage benchmark for converting images of webpages to HTML/CSS/Javascript.,,,https://crfm.stanford.edu/helm/image2struct/latest/#/leaderboard/image2webpage,,,,,,,,Stanford CRFM,,,,leaderboard,Stanford HELM Image2Struct
image2webpage_css,I2webpage (CSS),,2024,arXiv 2024,Multimodal,,,,,,,,,EMS,,,,,,The Image2webpage benchmark subset for converting images of webpages to code repo containing mostly CSS.,,,https://crfm.stanford.edu/helm/image2struct/latest/#/leaderboard/image2webpage_css,,,,,,,,Stanford CRFM,,,,leaderboard,Stanford HELM Image2Struct
image2webpage_html,I2webpage (HTML),,2024,arXiv 2024,Multimodal,,,,,,,,,EMS,,,,,,The Image2webpage benchmark subset for converting images of webpages to code repo containing mostly HTML.,,,https://crfm.stanford.edu/helm/image2struct/latest/#/leaderboard/image2webpage_html,,,,,,,,Stanford CRFM,,,,leaderboard,Stanford HELM Image2Struct
image2webpage_javascript,I2webpage (Javascript),,2024,arXiv 2024,Multimodal,,,,,,,,,EMS,,,,,,The Image2webpage benchmark subset for converting images of webpages to code repo containing mostly Javascript.,,,https://crfm.stanford.edu/helm/image2struct/latest/#/leaderboard/image2webpage_javascript,,,,,,,,Stanford CRFM,,,,leaderboard,Stanford HELM Image2Struct
image2webpage_wild,Image2webpage (Wild),,2024,arXiv 2024,Multimodal,,,,,,,,,EMS,,,,,,Images of webpages gathered from the internet by taking sceenshots and so on that do not have a HTML/CSS/Javascript ground truth.,,,https://crfm.stanford.edu/helm/image2struct/latest/#/leaderboard/image2webpage_wild,,,,,,,,Stanford CRFM,,,,leaderboard,Stanford HELM Image2Struct
image2musicsheet,Image2musicsheet,,2024,arXiv 2024,Multimodal,,,,,,,,,EMS,,,,,,The Image2musicsheet benchmark for converting images of music sheets to LilyPond.,,,https://crfm.stanford.edu/helm/image2struct/latest/#/leaderboard/image2musicsheet,,,,,,,,Stanford CRFM,,,,leaderboard,Stanford HELM Image2Struct
math500,MATH-500,,2025,arXiv 2025,Math,,,,,,,,,Acc,,,,,,MATH-500,,,https://crfm.stanford.edu/helm/reasoning/latest/#/leaderboard/math500,,,,,,,,Stanford CRFM,,,,leaderboard,Stanford HELM Reasoning
aime,AIME 2024,,2025,arXiv 2025,Math,,,,,,,,,Acc,,,,,,AIME 2024,,,https://crfm.stanford.edu/helm/reasoning/latest/#/leaderboard/aime,,,,,,,,Stanford CRFM,,,,leaderboard,Stanford HELM Reasoning
aime25,AIME 2025,,2025,arXiv 2025,Math,,,,,,,,,Acc,,,,,,AIME 2025,,,https://crfm.stanford.edu/helm/reasoning/latest/#/leaderboard/aime25,,,,,,,,Stanford CRFM,,,,leaderboard,Stanford HELM Reasoning
